date,PRC,SHROUT,CFACPR,CFACSHR,RET,DLRET
2013-01-01,77.53,50358.3,1.0,1.0,-0.027273,
2013-01-02,78.05,50358.3,1.0,1.0,0.006719,
2013-01-03,78.5,50358.3,1.0,1.0,0.005756,
2013-01-04,80.35,50358.3,1.0,1.0,0.023573,
2013-01-07,79.17,50358.3,1.0,1.0,-0.014793,
2013-01-08,78.1,50358.3,1.0,1.0,-0.013475,
2013-01-09,76.96,50358.3,1.0,1.0,-0.014569,
2013-01-10,75.2,50358.3,1.0,1.0,-0.022877,
2013-01-11,70.56,50358.3,1.0,1.0,-0.061692,
2013-01-14,72.12,50358.3,1.0,1.0,0.022096,
2013-01-15,73.48,50358.3,1.0,1.0,0.018816,
2013-01-16,70.77,50358.3,1.0,1.0,-0.036846,
2013-01-17,69.98,50358.3,1.0,1.0,-0.011172,
2013-01-18,68.68,50358.3,1.0,1.0,-0.018606,
2013-01-21,67.46,50358.3,1.0,1.0,-0.017686,
2013-01-22,64.02,50358.3,1.0,1.0,-0.050978,
2013-01-23,63.0,50358.3,1.0,1.0,-0.015942,
2013-01-24,63.85,50358.3,1.0,1.0,0.01348,
2013-01-25,67.83,50358.3,1.0,1.0,0.062351,
2013-01-28,68.41,50358.3,1.0,1.0,0.008541,
2013-01-29,68.55,50358.3,1.0,1.0,0.001977,
2013-01-30,67.64,50358.3,1.0,1.0,-0.013244,
2013-01-31,66.61,50358.3,1.0,1.0,-0.015252,
2013-02-01,68.08,50358.3,1.0,1.0,0.022024,
2013-02-04,68.49,50358.3,1.0,1.0,0.006046,
2013-02-05,67.38,50358.3,1.0,1.0,-0.016086,
2013-02-06,65.69,50358.3,1.0,1.0,-0.025161,
2013-02-07,65.37,50358.3,1.0,1.0,-0.004831,
2013-02-08,64.48,50358.3,1.0,1.0,-0.013676,
2013-02-11,64.41,50358.3,1.0,1.0,-0.001091,
2013-02-12,63.99,50358.3,1.0,1.0,-0.006447,
2013-02-13,64.53,50358.3,1.0,1.0,0.008423,
2013-02-14,62.54,50358.3,1.0,1.0,-0.030844,
2013-02-15,64.14,50358.3,1.0,1.0,0.025577,
2013-02-18,68.5,50358.3,1.0,1.0,0.067947,
2013-02-19,70.42,50358.3,1.0,1.0,0.028083,
2013-02-20,70.73,50358.3,1.0,1.0,0.004299,
2013-02-21,72.17,50358.3,1.0,1.0,0.020414,
2013-02-22,70.37,50358.3,1.0,1.0,-0.024869,
2013-02-25,67.68,50358.3,1.0,1.0,-0.038219,
2013-02-26,68.89,50358.3,1.0,1.0,0.017771,
2013-02-27,67.94,50358.3,1.0,1.0,-0.013782,
2013-02-28,65.71,50358.3,1.0,1.0,-0.03274,
2013-03-01,64.28,50358.3,1.0,1.0,-0.021857,
2013-03-04,62.5,50358.3,1.0,1.0,-0.027708,
2013-03-05,62.64,50358.3,1.0,1.0,0.002271,
2013-03-06,63.46,50358.3,1.0,1.0,0.013101,
2013-03-07,64.76,50358.3,1.0,1.0,0.020561,
2013-03-08,66.11,50358.3,1.0,1.0,0.020722,
2013-03-11,67.25,50358.3,1.0,1.0,0.017314,
2013-03-12,66.85,50358.3,1.0,1.0,-0.005915,
2013-03-13,65.8,50358.3,1.0,1.0,-0.0158,
2013-03-14,63.4,50358.3,1.0,1.0,-0.036482,
2013-03-15,65.03,50358.3,1.0,1.0,0.025766,
2013-03-18,64.69,50358.3,1.0,1.0,-0.005212,
2013-03-19,63.99,50358.3,1.0,1.0,-0.010753,
2013-03-20,65.77,50358.3,1.0,1.0,0.027739,
2013-03-21,64.31,50358.3,1.0,1.0,-0.02227,
2013-03-22,65.54,50358.3,1.0,1.0,0.019264,
2013-03-25,65.95,50358.3,1.0,1.0,0.006179,
2013-03-26,64.26,50358.3,1.0,1.0,-0.025542,
2013-03-27,64.09,50358.3,1.0,1.0,-0.002775,
2013-03-28,65.54,50358.3,1.0,1.0,0.022651,
2013-03-29,66.74,50358.3,1.0,1.0,0.018306,
2013-04-01,69.11,50358.3,1.0,1.0,0.035558,
2013-04-02,69.61,50358.3,1.0,1.0,0.007185,
2013-04-03,75.4,50358.3,1.0,1.0,0.083284,
2013-04-04,73.69,50358.3,1.0,1.0,-0.022791,
2013-04-05,72.91,50358.3,1.0,1.0,-0.010474,
2013-04-08,72.74,50358.3,1.0,1.0,-0.002417,
2013-04-09,70.23,50358.3,1.0,1.0,-0.034412,
2013-04-10,71.95,50358.3,1.0,1.0,0.024359,
2013-04-11,73.45,50358.3,1.0,1.0,0.020948,
2013-04-12,73.42,50358.3,1.0,1.0,-0.000503,
2013-04-15,72.41,50358.3,1.0,1.0,-0.013694,
2013-04-16,69.79,50358.3,1.0,1.0,-0.036179,
2013-04-17,68.42,50358.3,1.0,1.0,-0.01971,
2013-04-18,69.58,50358.3,1.0,1.0,0.017038,
2013-04-19,69.16,50358.3,1.0,1.0,-0.006034,
2013-04-22,68.39,50358.3,1.0,1.0,-0.011144,
2013-04-23,69.15,50358.3,1.0,1.0,0.01114,
2013-04-24,71.03,50358.3,1.0,1.0,0.027208,
2013-04-25,71.4,50358.3,1.0,1.0,0.005227,
2013-04-26,71.88,50358.3,1.0,1.0,0.006613,
2013-04-29,74.21,50358.3,1.0,1.0,0.032491,
2013-04-30,74.45,50358.3,1.0,1.0,0.003261,
2013-05-01,73.83,50358.3,1.0,1.0,-0.008349,
2013-05-02,74.96,50358.3,1.0,1.0,0.015316,
2013-05-03,74.43,50358.3,1.0,1.0,-0.007095,
2013-05-06,73.71,50358.3,1.0,1.0,-0.009742,
2013-05-07,75.92,50358.3,1.0,1.0,0.030062,
2013-05-08,75.32,50358.3,1.0,1.0,-0.007936,
2013-05-09,70.6,50358.3,1.0,1.0,-0.062652,
2013-05-10,71.12,50358.3,1.0,1.0,0.007362,
2013-05-13,70.38,50358.3,1.0,1.0,-0.0104,
2013-05-14,69.83,50358.3,1.0,1.0,-0.007869,
2013-05-15,70.52,50358.3,1.0,1.0,0.009963,
2013-05-16,70.18,50358.3,1.0,1.0,-0.004933,
2013-05-17,70.47,50358.3,1.0,1.0,0.00421,
2013-05-20,67.07,50358.3,1.0,1.0,-0.048302,
2013-05-21,65.5,50358.3,1.0,1.0,-0.023322,
2013-05-22,67.68,50358.3,1.0,1.0,0.033287,
2013-05-23,67.59,50358.3,1.0,1.0,-0.001404,
2013-05-24,64.86,50358.3,1.0,1.0,-0.040299,
2013-05-27,63.15,50358.3,1.0,1.0,-0.026353,
2013-05-28,61.61,50358.3,1.0,1.0,-0.024483,
2013-05-29,61.7,50358.3,1.0,1.0,0.001499,
2013-05-30,61.0,50358.3,1.0,1.0,-0.01128,
2013-05-31,59.99,50358.3,1.0,1.0,-0.016644,
2013-06-03,59.94,50358.3,1.0,1.0,-0.000864,
2013-06-04,60.57,50358.3,1.0,1.0,0.010565,
2013-06-05,60.14,50358.3,1.0,1.0,-0.007152,
2013-06-06,59.26,50358.3,1.0,1.0,-0.014648,
2013-06-07,58.6,50358.3,1.0,1.0,-0.011017,
2013-06-10,59.03,50358.3,1.0,1.0,0.007225,
2013-06-11,58.96,50358.3,1.0,1.0,-0.001136,
2013-06-12,60.0,50358.3,1.0,1.0,0.017614,
2013-06-13,58.31,50358.3,1.0,1.0,-0.028157,
2013-06-14,57.18,50358.3,1.0,1.0,-0.019382,
2013-06-17,58.19,50358.3,1.0,1.0,0.017757,
2013-06-18,57.03,50358.3,1.0,1.0,-0.020005,
2013-06-19,58.9,50358.3,1.0,1.0,0.032792,
2013-06-20,60.86,50358.3,1.0,1.0,0.033318,
2013-06-21,62.87,50358.3,1.0,1.0,0.032998,
2013-06-24,61.5,50358.3,1.0,1.0,-0.021858,
2013-06-25,61.55,50358.3,1.0,1.0,0.000887,
2013-06-26,60.77,50358.3,1.0,1.0,-0.012723,
2013-06-27,62.07,50358.3,1.0,1.0,0.021429,
2013-06-28,64.6,50358.3,1.0,1.0,0.040821,
2013-07-01,65.91,50358.3,1.0,1.0,0.020214,
2013-07-02,65.86,50358.3,1.0,1.0,-0.000739,
2013-07-03,65.22,50358.3,1.0,1.0,-0.009687,
2013-07-04,66.18,50358.3,1.0,1.0,0.01473,
2013-07-05,64.21,50358.3,1.0,1.0,-0.029861,
2013-07-08,64.98,50358.3,1.0,1.0,0.011988,
2013-07-09,63.51,50358.3,1.0,1.0,-0.022657,
2013-07-10,64.4,50358.3,1.0,1.0,0.014036,
2013-07-11,64.09,50358.3,1.0,1.0,-0.004811,
2013-07-12,63.43,50358.3,1.0,1.0,-0.010227,
2013-07-15,62.04,50358.3,1.0,1.0,-0.021972,
2013-07-16,61.45,50358.3,1.0,1.0,-0.009478,
2013-07-17,62.22,50358.3,1.0,1.0,0.012468,
2013-07-18,63.73,50358.3,1.0,1.0,0.024393,
2013-07-19,64.48,50358.3,1.0,1.0,0.011747,
2013-07-22,66.56,50358.3,1.0,1.0,0.032293,
2013-07-23,70.68,50358.3,1.0,1.0,0.061833,
2013-07-24,70.07,50358.3,1.0,1.0,-0.008711,
2013-07-25,69.65,50358.3,1.0,1.0,-0.005884,
2013-07-26,67.22,50358.3,1.0,1.0,-0.034906,
2013-07-29,69.1,50358.3,1.0,1.0,0.028011,
2013-07-30,71.23,50358.3,1.0,1.0,0.030696,
2013-07-31,69.69,50358.3,1.0,1.0,-0.021541,
2013-08-01,70.66,50358.3,1.0,1.0,0.013965,
2013-08-02,72.69,50358.3,1.0,1.0,0.028661,
2013-08-05,73.02,50358.3,1.0,1.0,0.004483,
2013-08-06,74.45,50358.3,1.0,1.0,0.019573,
2013-08-07,74.69,50358.3,1.0,1.0,0.003243,
2013-08-08,72.47,50358.3,1.0,1.0,-0.029721,
2013-08-09,74.24,50358.3,1.0,1.0,0.024528,
2013-08-12,76.57,50358.3,1.0,1.0,0.031333,
2013-08-13,77.86,50358.3,1.0,1.0,0.016813,
2013-08-14,76.02,50358.3,1.0,1.0,-0.02359,
2013-08-15,74.59,50358.3,1.0,1.0,-0.018813,
2013-08-16,72.52,50358.3,1.0,1.0,-0.027706,
2013-08-19,73.81,50358.3,1.0,1.0,0.01768,
2013-08-20,76.02,50358.3,1.0,1.0,0.029929,
2013-08-21,76.72,50358.3,1.0,1.0,0.009274,
2013-08-22,78.4,50358.3,1.0,1.0,0.021855,
2013-08-23,76.71,50358.3,1.0,1.0,-0.021552,
2013-08-26,76.9,50358.3,1.0,1.0,0.002546,
2013-08-27,74.34,50358.3,1.0,1.0,-0.033278,
2013-08-28,72.91,50358.3,1.0,1.0,-0.019298,
2013-08-29,74.39,50358.3,1.0,1.0,0.020339,
2013-08-30,73.89,50358.3,1.0,1.0,-0.006689,
2013-09-02,76.0,50358.3,1.0,1.0,0.028471,
2013-09-03,76.91,50358.3,1.0,1.0,0.012027,
2013-09-04,82.05,50358.3,1.0,1.0,0.066822,
2013-09-05,82.16,50358.3,1.0,1.0,0.001293,
2013-09-06,79.35,50358.3,1.0,1.0,-0.034126,
2013-09-09,79.21,50358.3,1.0,1.0,-0.001787,
2013-09-10,77.33,50358.3,1.0,1.0,-0.02379,
2013-09-11,79.09,50358.3,1.0,1.0,0.022754,
2013-09-12,79.09,50358.3,1.0,1.0,4.9e-05,
2013-09-13,78.76,50358.3,1.0,1.0,-0.004246,
2013-09-16,78.45,50358.3,1.0,1.0,-0.003931,
2013-09-17,79.78,50358.3,1.0,1.0,0.016956,
2013-09-18,78.84,50358.3,1.0,1.0,-0.011752,
2013-09-19,80.25,50358.3,1.0,1.0,0.017852,
2013-09-20,82.21,50358.3,1.0,1.0,0.024435,
2013-09-23,81.46,50358.3,1.0,1.0,-0.009131,
2013-09-24,79.59,50358.3,1.0,1.0,-0.022923,
2013-09-25,78.54,50358.3,1.0,1.0,-0.013186,
2013-09-26,79.81,50358.3,1.0,1.0,0.016218,
2013-09-27,79.91,50358.3,1.0,1.0,0.001262,
2013-09-30,81.05,50358.3,1.0,1.0,0.014267,
2013-10-01,84.48,50358.3,1.0,1.0,0.04223,
2013-10-02,84.87,50358.3,1.0,1.0,0.004596,
2013-10-03,83.15,50358.3,1.0,1.0,-0.020173,
2013-10-04,85.21,50358.3,1.0,1.0,0.024726,
2013-10-07,85.23,50358.3,1.0,1.0,0.000274,
2013-10-08,86.95,50358.3,1.0,1.0,0.020186,
2013-10-09,89.12,50358.3,1.0,1.0,0.024942,
2013-10-10,87.01,50358.3,1.0,1.0,-0.023696,
2013-10-11,89.86,50358.3,1.0,1.0,0.032742,
2013-10-14,91.74,50358.3,1.0,1.0,0.020987,
2013-10-15,90.34,50358.3,1.0,1.0,-0.015338,
2013-10-16,90.91,50358.3,1.0,1.0,0.00637,
2013-10-17,91.39,50358.3,1.0,1.0,0.005229,
2013-10-18,91.35,50358.3,1.0,1.0,-0.000385,
2013-10-21,93.2,50358.3,1.0,1.0,0.020173,
2013-10-22,96.38,50358.3,1.0,1.0,0.034116,
2013-10-23,96.3,50358.3,1.0,1.0,-0.000783,
2013-10-24,99.33,50358.3,1.0,1.0,0.031476,
2013-10-25,101.62,50358.3,1.0,1.0,0.023025,
2013-10-28,102.09,50358.3,1.0,1.0,0.004628,
2013-10-29,102.42,50358.3,1.0,1.0,0.003276,
2013-10-30,99.53,50358.3,1.0,1.0,-0.028222,
2013-10-31,95.92,50358.3,1.0,1.0,-0.036311,
2013-11-01,96.21,50358.3,1.0,1.0,0.003007,
2013-11-04,94.16,50358.3,1.0,1.0,-0.021277,
2013-11-05,93.98,50358.3,1.0,1.0,-0.001909,
2013-11-06,92.69,50358.3,1.0,1.0,-0.0137,
2013-11-07,88.71,50358.3,1.0,1.0,-0.042945,
2013-11-08,89.39,50358.3,1.0,1.0,0.007647,
2013-11-11,88.42,50358.3,1.0,1.0,-0.010851,
2013-11-12,88.51,50358.3,1.0,1.0,0.000967,
2013-11-13,86.55,50358.3,1.0,1.0,-0.022151,
2013-11-14,85.77,50358.3,1.0,1.0,-0.008957,
2013-11-15,88.96,50358.3,1.0,1.0,0.037174,
2013-11-18,89.15,50358.3,1.0,1.0,0.002129,
2013-11-19,90.25,50358.3,1.0,1.0,0.012309,
2013-11-20,87.45,50358.3,1.0,1.0,-0.030978,
2013-11-21,92.52,50358.3,1.0,1.0,0.058013,
2013-11-22,96.62,50358.3,1.0,1.0,0.044245,
2013-11-25,99.74,50358.3,1.0,1.0,0.032282,
2013-11-26,101.64,50358.3,1.0,1.0,0.019117,
2013-11-27,101.58,50358.3,1.0,1.0,-0.000595,
2013-11-28,102.57,50358.3,1.0,1.0,0.0097,
2013-11-29,105.08,50358.3,1.0,1.0,0.024495,
2013-12-02,103.41,50358.3,1.0,1.0,-0.015921,
2013-12-03,102.21,50358.3,1.0,1.0,-0.011563,
2013-12-04,98.1,50358.3,1.0,1.0,-0.040199,
2013-12-05,96.21,50358.3,1.0,1.0,-0.019299,
2013-12-06,100.03,50358.3,1.0,1.0,0.03969,
2013-12-09,99.13,50358.3,1.0,1.0,-0.008943,
2013-12-10,98.28,50358.3,1.0,1.0,-0.008553,
2013-12-11,98.94,50358.3,1.0,1.0,0.006692,
2013-12-12,95.1,50358.3,1.0,1.0,-0.038887,
2013-12-13,97.18,50358.3,1.0,1.0,0.021974,
2013-12-16,100.09,50358.3,1.0,1.0,0.02988,
2013-12-17,100.9,50358.3,1.0,1.0,0.008131,
2013-12-18,104.88,50358.3,1.0,1.0,0.039442,
2013-12-19,101.5,50358.3,1.0,1.0,-0.032279,
2013-12-20,105.99,50358.3,1.0,1.0,0.044253,
2013-12-23,104.05,50358.3,1.0,1.0,-0.018332,
2013-12-24,100.8,50358.3,1.0,1.0,-0.031189,
2013-12-25,100.13,50358.3,1.0,1.0,-0.006636,
2013-12-26,104.63,50358.3,1.0,1.0,0.044962,
2013-12-27,104.48,50358.3,1.0,1.0,-0.001425,
2013-12-30,102.07,50358.3,1.0,1.0,-0.023077,
2013-12-31,98.85,50358.3,1.0,1.0,-0.031538,
2014-01-01,98.51,50358.3,1.0,1.0,-0.003477,
2014-01-02,93.81,50358.3,1.0,1.0,-0.047677,
2014-01-03,90.84,50358.3,1.0,1.0,-0.03166,
2014-01-06,94.18,50358.3,1.0,1.0,0.036743,
2014-01-07,97.13,50358.3,1.0,1.0,0.031287,
2014-01-08,96.74,50358.3,1.0,1.0,-0.004034,
2014-01-09,95.57,50358.3,1.0,1.0,-0.012065,
2014-01-10,95.61,50358.3,1.0,1.0,0.000446,
2014-01-13,101.06,50358.3,1.0,1.0,0.056971,
2014-01-14,101.95,50358.3,1.0,1.0,0.008801,
2014-01-15,104.1,50358.3,1.0,1.0,0.0211,
2014-01-16,103.5,50358.3,1.0,1.0,-0.005803,
2014-01-17,103.55,50358.3,1.0,1.0,0.000503,
2014-01-20,105.07,50358.3,1.0,1.0,0.014684,
2014-01-21,105.29,50358.3,1.0,1.0,0.00207,
2014-01-22,100.5,50358.3,1.0,1.0,-0.045443,
2014-01-23,103.54,50358.3,1.0,1.0,0.03023,
2014-01-24,101.92,50358.3,1.0,1.0,-0.015603,
2014-01-27,107.12,50358.3,1.0,1.0,0.050983,
2014-01-28,108.8,50358.3,1.0,1.0,0.015651,
2014-01-29,108.88,50358.3,1.0,1.0,0.000745,
2014-01-30,109.93,50358.3,1.0,1.0,0.009634,
2014-01-31,109.54,50358.3,1.0,1.0,-0.003557,
2014-02-03,108.16,50358.3,1.0,1.0,-0.012557,
2014-02-04,108.6,50358.3,1.0,1.0,0.004033,
2014-02-05,110.82,50358.3,1.0,1.0,0.020493,
2014-02-06,109.49,50358.3,1.0,1.0,-0.012038,
2014-02-07,107.76,50358.3,1.0,1.0,-0.015771,
2014-02-10,106.74,50358.3,1.0,1.0,-0.009448,
2014-02-11,109.11,50358.3,1.0,1.0,0.022137,
2014-02-12,112.87,50358.3,1.0,1.0,0.034493,
2014-02-13,113.74,50358.3,1.0,1.0,0.007761,
2014-02-14,115.23,50358.3,1.0,1.0,0.013081,
2014-02-17,113.39,50358.3,1.0,1.0,-0.015947,
2014-02-18,115.7,50358.3,1.0,1.0,0.020292,
2014-02-19,117.13,50358.3,1.0,1.0,0.012362,
2014-02-20,115.04,50358.3,1.0,1.0,-0.017846,
2014-02-21,110.1,50358.3,1.0,1.0,-0.042926,
2014-02-24,106.82,50358.3,1.0,1.0,-0.029807,
2014-02-25,105.01,50358.3,1.0,1.0,-0.01688,
2014-02-26,107.88,50358.3,1.0,1.0,0.027301,
2014-02-27,111.87,50358.3,1.0,1.0,0.036987,
2014-02-28,110.59,50358.3,1.0,1.0,-0.011444,
2014-03-03,109.41,50358.3,1.0,1.0,-0.010694,
2014-03-04,109.99,50358.3,1.0,1.0,0.005336,
2014-03-05,109.92,50358.3,1.0,1.0,-0.000667,
2014-03-06,112.29,50358.3,1.0,1.0,0.02162,
2014-03-07,110.79,50358.3,1.0,1.0,-0.013428,
2014-03-10,113.23,50358.3,1.0,1.0,0.022066,
2014-03-11,112.47,50358.3,1.0,1.0,-0.00668,
2014-03-12,114.69,50358.3,1.0,1.0,0.019734,
2014-03-13,113.84,50358.3,1.0,1.0,-0.007438,
2014-03-14,112.07,50358.3,1.0,1.0,-0.015555,
2014-03-17,117.22,50358.3,1.0,1.0,0.045974,
2014-03-18,120.14,50358.3,1.0,1.0,0.024918,
2014-03-19,114.97,50358.3,1.0,1.0,-0.043027,
2014-03-20,113.64,50358.3,1.0,1.0,-0.011617,
2014-03-21,116.86,50358.3,1.0,1.0,0.028361,
2014-03-24,113.44,50358.3,1.0,1.0,-0.02925,
2014-03-25,115.45,50358.3,1.0,1.0,0.017697,
2014-03-26,117.2,50358.3,1.0,1.0,0.015168,
2014-03-27,115.14,50358.3,1.0,1.0,-0.017587,
2014-03-28,115.01,50358.3,1.0,1.0,-0.00117,
2014-03-31,109.27,50358.3,1.0,1.0,-0.049848,
2014-04-01,113.91,50358.3,1.0,1.0,0.042417,
2014-04-02,112.96,50358.3,1.0,1.0,-0.008344,
2014-04-03,115.05,50358.3,1.0,1.0,0.018507,
2014-04-04,116.64,50358.3,1.0,1.0,0.013872,
2014-04-07,120.39,50358.3,1.0,1.0,0.032144,
2014-04-08,119.03,50358.3,1.0,1.0,-0.011297,
2014-04-09,119.5,50358.3,1.0,1.0,0.003942,
2014-04-10,121.0,50358.3,1.0,1.0,0.012541,
2014-04-11,123.44,50358.3,1.0,1.0,0.020188,
2014-04-14,126.79,50358.3,1.0,1.0,0.027114,
2014-04-15,125.23,50358.3,1.0,1.0,-0.012343,
2014-04-16,123.13,50358.3,1.0,1.0,-0.016763,
2014-04-17,127.09,50358.3,1.0,1.0,0.0322,
2014-04-18,120.91,50358.3,1.0,1.0,-0.048639,
2014-04-21,125.43,50358.3,1.0,1.0,0.037415,
2014-04-22,124.41,50358.3,1.0,1.0,-0.008183,
2014-04-23,124.27,50358.3,1.0,1.0,-0.001068,
2014-04-24,122.14,50358.3,1.0,1.0,-0.01719,
2014-04-25,121.88,50358.3,1.0,1.0,-0.002114,
2014-04-28,125.54,50358.3,1.0,1.0,0.029997,
2014-04-29,127.76,50358.3,1.0,1.0,0.017701,
2014-04-30,129.15,50358.3,1.0,1.0,0.010928,
2014-05-01,129.31,50358.3,1.0,1.0,0.001175,
2014-05-02,124.78,50358.3,1.0,1.0,-0.035035,
2014-05-05,122.16,50358.3,1.0,1.0,-0.021,
2014-05-06,121.04,50358.3,1.0,1.0,-0.009156,
2014-05-07,122.26,50358.3,1.0,1.0,0.010078,
2014-05-08,122.34,50358.3,1.0,1.0,0.000713,
2014-05-09,125.15,50358.3,1.0,1.0,0.02291,
2014-05-12,126.46,50358.3,1.0,1.0,0.010465,
2014-05-13,126.5,50358.3,1.0,1.0,0.000346,
2014-05-14,133.48,50358.3,1.0,1.0,0.05514,
2014-05-15,134.65,50358.3,1.0,1.0,0.008832,
2014-05-16,133.14,50358.3,1.0,1.0,-0.011265,
2014-05-19,139.08,50358.3,1.0,1.0,0.04466,
2014-05-20,143.01,50358.3,1.0,1.0,0.02825,
2014-05-21,149.24,50358.3,1.0,1.0,0.043561,
2014-05-22,148.7,50358.3,1.0,1.0,-0.003616,
2014-05-23,152.08,50358.3,1.0,1.0,0.022733,
2014-05-26,146.73,50358.3,1.0,1.0,-0.035202,
2014-05-27,149.37,50358.3,1.0,1.0,0.018022,
2014-05-28,148.67,50358.3,1.0,1.0,-0.004734,
2014-05-29,143.77,50358.3,1.0,1.0,-0.032935,
2014-05-30,147.24,50358.3,1.0,1.0,0.024116,
2014-06-02,140.84,50358.3,1.0,1.0,-0.043442,
2014-06-03,134.39,50358.3,1.0,1.0,-0.045795,
2014-06-04,135.44,50358.3,1.0,1.0,0.007773,
2014-06-05,137.18,50358.3,1.0,1.0,0.012839,
2014-06-06,140.27,50358.3,1.0,1.0,0.022591,
2014-06-09,142.66,50358.3,1.0,1.0,0.016995,
2014-06-10,147.66,50358.3,1.0,1.0,0.035092,
2014-06-11,150.02,50358.3,1.0,1.0,0.015977,
2014-06-12,149.4,50358.3,1.0,1.0,-0.004127,
2014-06-13,149.0,50358.3,1.0,1.0,-0.002723,
2014-06-16,147.85,50358.3,1.0,1.0,-0.007704,
2014-06-17,148.76,50358.3,1.0,1.0,0.006153,
2014-06-18,144.75,50358.3,1.0,1.0,-0.026933,
2014-06-19,145.8,50358.3,1.0,1.0,0.007251,
2014-06-20,145.36,50358.3,1.0,1.0,-0.003029,
2014-06-23,146.19,50358.3,1.0,1.0,0.005674,
2014-06-24,147.03,50358.3,1.0,1.0,0.005748,
2014-06-25,138.49,50358.3,1.0,1.0,-0.058075,
2014-06-26,135.39,50358.3,1.0,1.0,-0.022343,
2014-06-27,134.91,50358.3,1.0,1.0,-0.003561,
2014-06-30,134.6,50358.3,1.0,1.0,-0.002289,
2014-07-01,135.31,50358.3,1.0,1.0,0.005282,
2014-07-02,136.17,50358.3,1.0,1.0,0.006319,
2014-07-03,141.08,50358.3,1.0,1.0,0.036076,
2014-07-04,142.01,50358.3,1.0,1.0,0.006563,
2014-07-07,140.81,50358.3,1.0,1.0,-0.008438,
2014-07-08,135.38,50358.3,1.0,1.0,-0.038584,
2014-07-09,130.87,50358.3,1.0,1.0,-0.033249,
2014-07-10,132.44,50358.3,1.0,1.0,0.011967,
2014-07-11,135.73,50358.3,1.0,1.0,0.024801,
2014-07-14,140.71,50358.3,1.0,1.0,0.036701,
2014-07-15,137.81,50358.3,1.0,1.0,-0.020618,
2014-07-16,136.67,50358.3,1.0,1.0,-0.00822,
2014-07-17,137.34,50358.3,1.0,1.0,0.00487,
2014-07-18,144.12,50358.3,1.0,1.0,0.049371,
2014-07-21,144.38,50358.3,1.0,1.0,0.0018,
2014-07-22,149.71,50358.3,1.0,1.0,0.036947,
2014-07-23,150.18,50358.3,1.0,1.0,0.003126,
2014-07-24,154.25,50358.3,1.0,1.0,0.027086,
2014-07-25,157.95,50358.3,1.0,1.0,0.023968,
2014-07-28,158.42,50358.3,1.0,1.0,0.003033,
2014-07-29,154.44,50358.3,1.0,1.0,-0.025134,
2014-07-30,153.3,50358.3,1.0,1.0,-0.007392,
2014-07-31,158.73,50358.3,1.0,1.0,0.0354,
2014-08-01,161.95,50358.3,1.0,1.0,0.020318,
2014-08-04,160.12,50358.3,1.0,1.0,-0.011305,
2014-08-05,158.66,50358.3,1.0,1.0,-0.009135,
2014-08-06,152.06,50358.3,1.0,1.0,-0.04162,
2014-08-07,157.27,50358.3,1.0,1.0,0.034289,
2014-08-08,160.5,50358.3,1.0,1.0,0.02052,
2014-08-11,159.82,50358.3,1.0,1.0,-0.004241,
2014-08-12,160.43,50358.3,1.0,1.0,0.003853,
2014-08-13,152.14,50358.3,1.0,1.0,-0.05169,
2014-08-14,150.23,50358.3,1.0,1.0,-0.012564,
2014-08-15,154.97,50358.3,1.0,1.0,0.031564,
2014-08-18,158.51,50358.3,1.0,1.0,0.022862,
2014-08-19,159.62,50358.3,1.0,1.0,0.007004,
2014-08-20,159.41,50358.3,1.0,1.0,-0.001312,
2014-08-21,162.33,50358.3,1.0,1.0,0.018325,
2014-08-22,161.09,50358.3,1.0,1.0,-0.007685,
2014-08-25,154.63,50358.3,1.0,1.0,-0.040096,
2014-08-26,154.46,50358.3,1.0,1.0,-0.001107,
2014-08-27,155.81,50358.3,1.0,1.0,0.008756,
2014-08-28,159.91,50358.3,1.0,1.0,0.026333,
2014-08-29,154.33,50358.3,1.0,1.0,-0.034932,
2014-09-01,153.72,50358.3,1.0,1.0,-0.003902,
2014-09-02,153.3,50358.3,1.0,1.0,-0.002763,
2014-09-03,149.16,50358.3,1.0,1.0,-0.027024,
2014-09-04,150.77,50358.3,1.0,1.0,0.010806,
2014-09-05,153.35,50358.3,1.0,1.0,0.017127,
2014-09-08,152.14,50358.3,1.0,1.0,-0.007906,
2014-09-09,159.68,50358.3,1.0,1.0,0.049565,
2014-09-10,158.31,50358.3,1.0,1.0,-0.008589,
2014-09-11,156.47,50358.3,1.0,1.0,-0.011614,
2014-09-12,154.54,50358.3,1.0,1.0,-0.012302,
2014-09-15,151.4,50358.3,1.0,1.0,-0.020327,
2014-09-16,149.24,50358.3,1.0,1.0,-0.014276,
2014-09-17,144.05,50358.3,1.0,1.0,-0.034768,
2014-09-18,143.25,50358.3,1.0,1.0,-0.005542,
2014-09-19,143.31,50358.3,1.0,1.0,0.000421,
2014-09-22,135.54,50358.3,1.0,1.0,-0.054235,
2014-09-23,135.08,50358.3,1.0,1.0,-0.003401,
2014-09-24,135.09,50358.3,1.0,1.0,5.2e-05,
2014-09-25,136.64,50358.3,1.0,1.0,0.011459,
2014-09-26,140.51,50358.3,1.0,1.0,0.028354,
2014-09-29,143.27,50358.3,1.0,1.0,0.01967,
2014-09-30,141.02,50358.3,1.0,1.0,-0.015727,
2014-10-01,138.42,50358.3,1.0,1.0,-0.018465,
2014-10-02,140.22,50358.3,1.0,1.0,0.013037,
2014-10-03,138.26,50358.3,1.0,1.0,-0.013998,
2014-10-06,134.11,50358.3,1.0,1.0,-0.029982,
2014-10-07,141.84,50358.3,1.0,1.0,0.057635,
2014-10-08,140.65,50358.3,1.0,1.0,-0.008383,
2014-10-09,138.42,50358.3,1.0,1.0,-0.015872,
2014-10-10,131.2,50358.3,1.0,1.0,-0.052174,
2014-10-13,133.78,50358.3,1.0,1.0,0.019671,
2014-10-14,130.52,50358.3,1.0,1.0,-0.024374,
2014-10-15,130.48,50358.3,1.0,1.0,-0.000272,
2014-10-16,133.43,50358.3,1.0,1.0,0.022544,
2014-10-17,130.22,50358.3,1.0,1.0,-0.024007,
2014-10-20,130.35,50358.3,1.0,1.0,0.000949,
2014-10-21,135.07,50358.3,1.0,1.0,0.036263,
2014-10-22,127.21,50358.3,1.0,1.0,-0.058176,
2014-10-23,124.64,50358.3,1.0,1.0,-0.020209,
2014-10-24,121.85,50358.3,1.0,1.0,-0.022419,
2014-10-27,121.19,50358.3,1.0,1.0,-0.005431,
2014-10-28,120.93,50358.3,1.0,1.0,-0.002104,
2014-10-29,117.78,50358.3,1.0,1.0,-0.02609,
2014-10-30,115.83,50358.3,1.0,1.0,-0.01653,
2014-10-31,113.59,50358.3,1.0,1.0,-0.019332,
2014-11-03,112.53,50358.3,1.0,1.0,-0.009336,
2014-11-04,113.01,50358.3,1.0,1.0,0.004289,
2014-11-05,115.4,50358.3,1.0,1.0,0.02112,
2014-11-06,118.25,50358.3,1.0,1.0,0.024675,
2014-11-07,120.0,50358.3,1.0,1.0,0.014841,
2014-11-10,117.4,50358.3,1.0,1.0,-0.021701,
2014-11-11,117.28,50358.3,1.0,1.0,-0.001038,
2014-11-12,124.04,50358.3,1.0,1.0,0.05764,
2014-11-13,126.97,50358.3,1.0,1.0,0.023672,
2014-11-14,125.52,50358.3,1.0,1.0,-0.011468,
2014-11-17,130.25,50358.3,1.0,1.0,0.037714,
2014-11-18,128.92,50358.3,1.0,1.0,-0.010223,
2014-11-19,126.74,50358.3,1.0,1.0,-0.016861,
2014-11-20,130.94,50358.3,1.0,1.0,0.033083,
2014-11-21,126.76,50358.3,1.0,1.0,-0.03188,
2014-11-24,120.96,50358.3,1.0,1.0,-0.045819,
2014-11-25,123.6,50358.3,1.0,1.0,0.021873,
2014-11-26,123.56,50358.3,1.0,1.0,-0.000294,
2014-11-27,123.82,50358.3,1.0,1.0,0.002101,
2014-11-28,122.64,50358.3,1.0,1.0,-0.009589,
2014-12-01,121.82,50358.3,1.0,1.0,-0.006662,
2014-12-02,120.37,50358.3,1.0,1.0,-0.011886,
2014-12-03,118.46,50358.3,1.0,1.0,-0.01586,
2014-12-04,117.27,50358.3,1.0,1.0,-0.010076,
2014-12-05,116.0,50358.3,1.0,1.0,-0.010826,
2014-12-08,113.61,50358.3,1.0,1.0,-0.020635,
2014-12-09,112.02,50358.3,1.0,1.0,-0.013949,
2014-12-10,105.39,50358.3,1.0,1.0,-0.059216,
2014-12-11,107.03,50358.3,1.0,1.0,0.015597,
2014-12-12,107.94,50358.3,1.0,1.0,0.008445,
2014-12-15,107.61,50358.3,1.0,1.0,-0.002993,
2014-12-16,108.12,50358.3,1.0,1.0,0.004749,
2014-12-17,108.73,50358.3,1.0,1.0,0.005624,
2014-12-18,106.76,50358.3,1.0,1.0,-0.018173,
2014-12-19,105.3,50358.3,1.0,1.0,-0.01365,
2014-12-22,106.54,50358.3,1.0,1.0,0.011793,
2014-12-23,106.97,50358.3,1.0,1.0,0.00403,
2014-12-24,112.24,50358.3,1.0,1.0,0.049269,
2014-12-25,116.58,50358.3,1.0,1.0,0.03865,
2014-12-26,119.1,50358.3,1.0,1.0,0.021671,
2014-12-29,116.83,50358.3,1.0,1.0,-0.019062,
2014-12-30,115.15,50358.3,1.0,1.0,-0.014407,
2014-12-31,112.31,50358.3,1.0,1.0,-0.024704,
2015-01-01,112.95,50358.3,1.0,1.0,0.005773,
2015-01-02,105.66,50358.3,1.0,1.0,-0.06458,
2015-01-05,104.4,50358.3,1.0,1.0,-0.011898,
2015-01-06,103.54,50358.3,1.0,1.0,-0.008288,
2015-01-07,99.72,50358.3,1.0,1.0,-0.036856,
2015-01-08,101.55,50358.3,1.0,1.0,0.018358,
2015-01-09,98.72,50358.3,1.0,1.0,-0.027909,
2015-01-12,99.26,50358.3,1.0,1.0,0.005483,
2015-01-13,106.02,50358.3,1.0,1.0,0.068087,
2015-01-14,101.9,50358.3,1.0,1.0,-0.038858,
2015-01-15,101.44,50358.3,1.0,1.0,-0.004515,
2015-01-16,100.35,50358.3,1.0,1.0,-0.010683,
2015-01-19,98.82,50358.3,1.0,1.0,-0.015292,
2015-01-20,100.54,50358.3,1.0,1.0,0.017442,
2015-01-21,103.15,50358.3,1.0,1.0,0.02593,
2015-01-22,104.98,50358.3,1.0,1.0,0.01772,
2015-01-23,103.07,50358.3,1.0,1.0,-0.018157,
2015-01-26,109.17,50358.3,1.0,1.0,0.059152,
2015-01-27,104.53,50358.3,1.0,1.0,-0.042526,
2015-01-28,101.87,50358.3,1.0,1.0,-0.02542,
2015-01-29,102.19,50358.3,1.0,1.0,0.00312,
2015-01-30,102.31,50358.3,1.0,1.0,0.001188,
2015-02-02,103.41,50358.3,1.0,1.0,0.010815,
2015-02-03,107.31,50358.3,1.0,1.0,0.037666,
2015-02-04,106.9,50358.3,1.0,1.0,-0.003829,
2015-02-05,107.09,50358.3,1.0,1.0,0.001773,
2015-02-06,105.47,50358.3,1.0,1.0,-0.015116,
2015-02-09,106.87,50358.3,1.0,1.0,0.013251,
2015-02-10,105.95,50358.3,1.0,1.0,-0.008568,
2015-02-11,105.04,50358.3,1.0,1.0,-0.008582,
2015-02-12,106.32,50358.3,1.0,1.0,0.012161,
2015-02-13,108.89,50358.3,1.0,1.0,0.024173,
2015-02-16,103.17,50358.3,1.0,1.0,-0.052537,
2015-02-17,103.97,50358.3,1.0,1.0,0.007732,
2015-02-18,103.2,50358.3,1.0,1.0,-0.007418,
2015-02-19,105.47,50358.3,1.0,1.0,0.022029,
2015-02-20,104.74,50358.3,1.0,1.0,-0.00694,
2015-02-23,107.96,50358.3,1.0,1.0,0.030737,
2015-02-24,106.12,50358.3,1.0,1.0,-0.01705,
2015-02-25,100.49,50358.3,1.0,1.0,-0.053043,
2015-02-26,102.96,50358.3,1.0,1.0,0.024583,
2015-02-27,100.8,50358.3,1.0,1.0,-0.020986,
2015-03-02,96.95,50358.3,1.0,1.0,-0.038149,
2015-03-03,96.9,50358.3,1.0,1.0,-0.000574,
2015-03-04,96.25,50358.3,1.0,1.0,-0.006679,
2015-03-05,98.08,50358.3,1.0,1.0,0.018978,
2015-03-06,100.1,50358.3,1.0,1.0,0.020675,
2015-03-09,100.24,50358.3,1.0,1.0,0.001337,
2015-03-10,98.04,50358.3,1.0,1.0,-0.021956,
2015-03-11,98.62,50358.3,1.0,1.0,0.005947,
2015-03-12,98.92,50358.3,1.0,1.0,0.003011,
2015-03-13,100.18,50358.3,1.0,1.0,0.01278,
2015-03-16,98.0,50358.3,1.0,1.0,-0.021721,
2015-03-17,96.97,50358.3,1.0,1.0,-0.010515,
2015-03-18,98.07,50358.3,1.0,1.0,0.011333,
2015-03-19,100.96,50358.3,1.0,1.0,0.029409,
2015-03-20,103.23,50358.3,1.0,1.0,0.022478,
2015-03-23,103.33,50358.3,1.0,1.0,0.001011,
2015-03-24,102.03,50358.3,1.0,1.0,-0.01258,
2015-03-25,102.93,50358.3,1.0,1.0,0.008773,
2015-03-26,100.17,50358.3,1.0,1.0,-0.026794,
2015-03-27,98.13,50358.3,1.0,1.0,-0.020362,
2015-03-30,101.65,50358.3,1.0,1.0,0.035915,
2015-03-31,102.54,50358.3,1.0,1.0,0.00873,
2015-04-01,101.59,50358.3,1.0,1.0,-0.009259,
2015-04-02,103.53,50358.3,1.0,1.0,0.019126,
2015-04-03,106.68,50358.3,1.0,1.0,0.030389,
2015-04-06,105.45,50358.3,1.0,1.0,-0.011566,
2015-04-07,104.27,50358.3,1.0,1.0,-0.011157,
2015-04-08,102.8,50358.3,1.0,1.0,-0.014125,
2015-04-09,105.1,50358.3,1.0,1.0,0.022427,
2015-04-10,107.48,50358.3,1.0,1.0,0.022665,
2015-04-13,111.01,50358.3,1.0,1.0,0.032839,
2015-04-14,113.63,50358.3,1.0,1.0,0.023526,
2015-04-15,109.16,50358.3,1.0,1.0,-0.039348,
2015-04-16,109.79,50358.3,1.0,1.0,0.005803,
2015-04-17,106.93,50358.3,1.0,1.0,-0.026023,
2015-04-20,105.52,50358.3,1.0,1.0,-0.013185,
2015-04-21,105.85,50358.3,1.0,1.0,0.003141,
2015-04-22,107.89,50358.3,1.0,1.0,0.019283,
2015-04-23,105.51,50358.3,1.0,1.0,-0.022097,
2015-04-24,99.69,50358.3,1.0,1.0,-0.055186,
2015-04-27,100.02,50358.3,1.0,1.0,0.00338,
2015-04-28,106.48,50358.3,1.0,1.0,0.064498,
2015-04-29,105.86,50358.3,1.0,1.0,-0.005812,
2015-04-30,105.87,50358.3,1.0,1.0,0.000167,
2015-05-01,110.4,50358.3,1.0,1.0,0.042711,
2015-05-04,111.86,50358.3,1.0,1.0,0.013299,
2015-05-05,112.34,50358.3,1.0,1.0,0.004256,
2015-05-06,113.43,50358.3,1.0,1.0,0.009701,
2015-05-07,114.0,50358.3,1.0,1.0,0.005061,
2015-05-08,110.82,50358.3,1.0,1.0,-0.027923,
2015-05-11,107.21,50358.3,1.0,1.0,-0.032619,
2015-05-12,112.07,50358.3,1.0,1.0,0.045334,
2015-05-13,112.45,50358.3,1.0,1.0,0.003461,
2015-05-14,112.62,50358.3,1.0,1.0,0.001445,
2015-05-15,112.27,50358.3,1.0,1.0,-0.00312,
2015-05-18,114.28,50358.3,1.0,1.0,0.017951,
2015-05-19,121.35,50358.3,1.0,1.0,0.061821,
2015-05-20,122.76,50358.3,1.0,1.0,0.011687,
2015-05-21,120.93,50358.3,1.0,1.0,-0.014964,
2015-05-22,120.42,50358.3,1.0,1.0,-0.004153,
2015-05-25,123.44,50358.3,1.0,1.0,0.02506,
2015-05-26,121.61,50358.3,1.0,1.0,-0.014839,
2015-05-27,124.01,50358.3,1.0,1.0,0.019692,
2015-05-28,117.17,50358.3,1.0,1.0,-0.055096,
2015-05-29,116.42,50358.3,1.0,1.0,-0.006457,
2015-06-01,118.07,50358.3,1.0,1.0,0.01422,
2015-06-02,121.61,50358.3,1.0,1.0,0.029972,
2015-06-03,119.13,50358.3,1.0,1.0,-0.020397,
2015-06-04,114.8,50358.3,1.0,1.0,-0.036358,
2015-06-05,113.97,50358.3,1.0,1.0,-0.007192,
2015-06-08,110.83,50358.3,1.0,1.0,-0.027589,
2015-06-09,110.33,50358.3,1.0,1.0,-0.004527,
2015-06-10,110.2,50358.3,1.0,1.0,-0.001118,
2015-06-11,106.67,50358.3,1.0,1.0,-0.032101,
2015-06-12,108.64,50358.3,1.0,1.0,0.018522,
2015-06-15,108.13,50358.3,1.0,1.0,-0.004722,
2015-06-16,110.86,50358.3,1.0,1.0,0.025293,
2015-06-17,105.96,50358.3,1.0,1.0,-0.04424,
2015-06-18,103.3,50358.3,1.0,1.0,-0.025059,
2015-06-19,104.49,50358.3,1.0,1.0,0.01151,
2015-06-22,102.41,50358.3,1.0,1.0,-0.019941,
2015-06-23,101.91,50358.3,1.0,1.0,-0.004897,
2015-06-24,101.81,50358.3,1.0,1.0,-0.000942,
2015-06-25,102.1,50358.3,1.0,1.0,0.002844,
2015-06-26,100.36,50358.3,1.0,1.0,-0.017078,
2015-06-29,100.62,50358.3,1.0,1.0,0.002628,
2015-06-30,98.65,50358.3,1.0,1.0,-0.019552,
2015-07-01,100.17,50358.3,1.0,1.0,0.015344,
2015-07-02,99.8,50358.3,1.0,1.0,-0.003709,
2015-07-03,100.07,50358.3,1.0,1.0,0.002767,
2015-07-06,106.34,50358.3,1.0,1.0,0.062618,
2015-07-07,103.45,50358.3,1.0,1.0,-0.027161,
2015-07-08,106.86,50358.3,1.0,1.0,0.032905,
2015-07-09,100.15,50358.3,1.0,1.0,-0.062746,
2015-07-10,95.18,50358.3,1.0,1.0,-0.049582,
2015-07-13,92.3,50358.3,1.0,1.0,-0.030275,
2015-07-14,89.64,50358.3,1.0,1.0,-0.028804,
2015-07-15,90.0,50358.3,1.0,1.0,0.003939,
2015-07-16,90.54,50358.3,1.0,1.0,0.006017,
2015-07-17,89.9,50358.3,1.0,1.0,-0.007052,
2015-07-20,89.49,50358.3,1.0,1.0,-0.004547,
2015-07-21,90.55,50358.3,1.0,1.0,0.011779,
2015-07-22,92.29,50358.3,1.0,1.0,0.019226,
2015-07-23,89.31,50358.3,1.0,1.0,-0.032272,
2015-07-24,88.45,50358.3,1.0,1.0,-0.0096,
2015-07-27,88.22,50358.3,1.0,1.0,-0.002626,
2015-07-28,89.17,50358.3,1.0,1.0,0.010749,
2015-07-29,87.44,50358.3,1.0,1.0,-0.019319,
2015-07-30,87.17,50358.3,1.0,1.0,-0.003096,
2015-07-31,87.15,50358.3,1.0,1.0,-0.000239,
2015-08-03,85.61,50358.3,1.0,1.0,-0.017712,
2015-08-04,84.04,50358.3,1.0,1.0,-0.018274,
2015-08-05,84.16,50358.3,1.0,1.0,0.001412,
2015-08-06,83.82,50358.3,1.0,1.0,-0.00408,
2015-08-07,84.75,50358.3,1.0,1.0,0.011117,
2015-08-10,82.56,50358.3,1.0,1.0,-0.025903,
2015-08-11,81.79,50358.3,1.0,1.0,-0.009334,
2015-08-12,81.26,50358.3,1.0,1.0,-0.006441,
2015-08-13,82.78,50358.3,1.0,1.0,0.018752,
2015-08-14,80.86,50358.3,1.0,1.0,-0.02326,
2015-08-17,81.24,50358.3,1.0,1.0,0.004685,
2015-08-18,81.65,50358.3,1.0,1.0,0.005122,
2015-08-19,84.86,50358.3,1.0,1.0,0.039318,
2015-08-20,82.76,50358.3,1.0,1.0,-0.024822,
2015-08-21,81.38,50358.3,1.0,1.0,-0.016598,
2015-08-24,79.5,50358.3,1.0,1.0,-0.023189,
2015-08-25,76.3,50358.3,1.0,1.0,-0.040214,
2015-08-26,79.52,50358.3,1.0,1.0,0.042274,
2015-08-27,77.11,50358.3,1.0,1.0,-0.030295,
2015-08-28,75.55,50358.3,1.0,1.0,-0.020346,
2015-08-31,77.9,50358.3,1.0,1.0,0.031101,
2015-09-01,74.61,50358.3,1.0,1.0,-0.042132,
2015-09-02,75.91,50358.3,1.0,1.0,0.017347,
2015-09-03,73.31,50358.3,1.0,1.0,-0.034279,
2015-09-04,75.46,50358.3,1.0,1.0,0.029393,
2015-09-07,71.56,50358.3,1.0,1.0,-0.051667,
2015-09-08,68.55,50358.3,1.0,1.0,-0.04214,
2015-09-09,67.59,50358.3,1.0,1.0,-0.013943,
2015-09-10,69.12,50358.3,1.0,1.0,0.022623,
2015-09-11,69.0,50358.3,1.0,1.0,-0.001701,
2015-09-14,68.38,50358.3,1.0,1.0,-0.008978,
2015-09-15,70.56,50358.3,1.0,1.0,0.031851,
2015-09-16,74.24,50358.3,1.0,1.0,0.052092,
2015-09-17,75.37,50358.3,1.0,1.0,0.015295,
2015-09-18,74.18,50358.3,1.0,1.0,-0.015786,
2015-09-21,73.37,50358.3,1.0,1.0,-0.010937,
2015-09-22,71.07,50358.3,1.0,1.0,-0.031387,
2015-09-23,71.17,50358.3,1.0,1.0,0.001462,
2015-09-24,68.38,50358.3,1.0,1.0,-0.039287,
2015-09-25,69.22,50358.3,1.0,1.0,0.012365,
2015-09-28,72.57,50358.3,1.0,1.0,0.048318,
2015-09-29,73.76,50358.3,1.0,1.0,0.016401,
2015-09-30,72.86,50358.3,1.0,1.0,-0.012147,
2015-10-01,73.72,50358.3,1.0,1.0,0.011759,
2015-10-02,76.57,50358.3,1.0,1.0,0.038673,
2015-10-05,79.43,50358.3,1.0,1.0,0.037426,
2015-10-06,77.47,50358.3,1.0,1.0,-0.024744,
2015-10-07,78.35,50358.3,1.0,1.0,0.011355,
2015-10-08,77.98,50358.3,1.0,1.0,-0.004743,
2015-10-09,79.42,50358.3,1.0,1.0,0.018575,
2015-10-12,80.08,50358.3,1.0,1.0,0.008284,
2015-10-13,75.58,50358.3,1.0,1.0,-0.056206,
2015-10-14,74.88,50358.3,1.0,1.0,-0.00927,
2015-10-15,75.17,50358.3,1.0,1.0,0.003815,
2015-10-16,72.55,50358.3,1.0,1.0,-0.034774,
2015-10-19,73.5,50358.3,1.0,1.0,0.013074,
2015-10-20,70.79,50358.3,1.0,1.0,-0.036849,
2015-10-21,69.38,50358.3,1.0,1.0,-0.019926,
2015-10-22,71.58,50358.3,1.0,1.0,0.031734,
2015-10-23,70.01,50358.3,1.0,1.0,-0.021931,
2015-10-26,70.92,50358.3,1.0,1.0,0.012902,
2015-10-27,67.93,50358.3,1.0,1.0,-0.042142,
2015-10-28,71.34,50358.3,1.0,1.0,0.050226,
2015-10-29,70.75,50358.3,1.0,1.0,-0.008236,
2015-10-30,70.85,50358.3,1.0,1.0,0.00133,
2015-11-02,71.08,50358.3,1.0,1.0,0.003344,
2015-11-03,72.06,50358.3,1.0,1.0,0.01372,
2015-11-04,69.41,50358.3,1.0,1.0,-0.036737,
2015-11-05,69.34,50358.3,1.0,1.0,-0.001087,
2015-11-06,68.18,50358.3,1.0,1.0,-0.016634,
2015-11-09,65.41,50358.3,1.0,1.0,-0.040669,
2015-11-10,66.91,50358.3,1.0,1.0,0.022999,
2015-11-11,66.29,50358.3,1.0,1.0,-0.009369,
2015-11-12,66.61,50358.3,1.0,1.0,0.004875,
2015-11-13,66.83,50358.3,1.0,1.0,0.003364,
2015-11-16,66.24,50358.3,1.0,1.0,-0.008957,
2015-11-17,69.38,50358.3,1.0,1.0,0.04755,
2015-11-18,69.24,50358.3,1.0,1.0,-0.002092,
2015-11-19,66.63,50358.3,1.0,1.0,-0.037634,
2015-11-20,65.93,50358.3,1.0,1.0,-0.010515,
2015-11-23,66.66,50358.3,1.0,1.0,0.011099,
2015-11-24,67.46,50358.3,1.0,1.0,0.011897,
2015-11-25,65.66,50358.3,1.0,1.0,-0.02671,
2015-11-26,67.07,50358.3,1.0,1.0,0.021584,
2015-11-27,64.23,50358.3,1.0,1.0,-0.042356,
2015-11-30,65.96,50358.3,1.0,1.0,0.026862,
2015-12-01,63.84,50358.3,1.0,1.0,-0.032105,
2015-12-02,63.43,50358.3,1.0,1.0,-0.00637,
2015-12-03,65.01,50358.3,1.0,1.0,0.024902,
2015-12-04,65.14,50358.3,1.0,1.0,0.001914,
2015-12-07,66.36,50358.3,1.0,1.0,0.018822,
2015-12-08,67.29,50358.3,1.0,1.0,0.01399,
2015-12-09,69.34,50358.3,1.0,1.0,0.030372,
2015-12-10,71.06,50358.3,1.0,1.0,0.024844,
2015-12-11,70.22,50358.3,1.0,1.0,-0.011782,
2015-12-14,71.23,50358.3,1.0,1.0,0.014337,
2015-12-15,68.6,50358.3,1.0,1.0,-0.036908,
2015-12-16,68.44,50358.3,1.0,1.0,-0.002347,
2015-12-17,69.73,50358.3,1.0,1.0,0.018865,
2015-12-18,69.89,50358.3,1.0,1.0,0.002257,
2015-12-21,70.57,50358.3,1.0,1.0,0.009811,
2015-12-22,70.14,50358.3,1.0,1.0,-0.006061,
2015-12-23,72.0,50358.3,1.0,1.0,0.02649,
2015-12-24,71.79,50358.3,1.0,1.0,-0.002886,
2015-12-25,70.93,50358.3,1.0,1.0,-0.01206,
2015-12-28,72.39,50358.3,1.0,1.0,0.020531,
2015-12-29,69.92,50358.3,1.0,1.0,-0.034097,
2015-12-30,70.7,50358.3,1.0,1.0,0.01113,
2015-12-31,68.88,50358.3,1.0,1.0,-0.025651,
2016-01-01,70.96,50358.3,1.0,1.0,0.030165,
2016-01-04,70.45,50358.3,1.0,1.0,-0.007199,
2016-01-05,70.61,50358.3,1.0,1.0,0.002284,
2016-01-06,71.24,50358.3,1.0,1.0,0.008985,
2016-01-07,67.95,50358.3,1.0,1.0,-0.046183,
2016-01-08,66.84,50358.3,1.0,1.0,-0.016441,
2016-01-11,68.47,50358.3,1.0,1.0,0.024385,
2016-01-12,69.84,50358.3,1.0,1.0,0.020071,
2016-01-13,70.25,50358.3,1.0,1.0,0.005852,
2016-01-14,67.95,50358.3,1.0,1.0,-0.032805,
2016-01-15,68.84,50358.3,1.0,1.0,0.013183,
2016-01-18,69.96,50358.3,1.0,1.0,0.016298,
2016-01-19,69.97,50358.3,1.0,1.0,0.00017,
2016-01-20,71.99,50358.3,1.0,1.0,0.028812,
2016-01-21,70.75,50358.3,1.0,1.0,-0.017216,
2016-01-22,69.82,50358.3,1.0,1.0,-0.013112,
2016-01-25,65.72,50358.3,1.0,1.0,-0.058806,
2016-01-26,67.12,50358.3,1.0,1.0,0.021347,
2016-01-27,67.56,50358.3,1.0,1.0,0.006597,
2016-01-28,64.83,50358.3,1.0,1.0,-0.040491,
2016-01-29,62.09,50358.3,1.0,1.0,-0.042258,
2016-02-01,60.74,50358.3,1.0,1.0,-0.02167,
2016-02-02,61.85,50358.3,1.0,1.0,0.018258,
2016-02-03,61.35,50358.3,1.0,1.0,-0.008136,
2016-02-04,60.12,50358.3,1.0,1.0,-0.020075,
2016-02-05,58.63,50358.3,1.0,1.0,-0.0248,
2016-02-08,57.11,50358.3,1.0,1.0,-0.025848,
2016-02-09,54.47,50358.3,1.0,1.0,-0.046275,
2016-02-10,52.86,50358.3,1.0,1.0,-0.0295,
2016-02-11,51.47,50358.3,1.0,1.0,-0.026308,
2016-02-12,52.27,50358.3,1.0,1.0,0.015548,
2016-02-15,52.01,50358.3,1.0,1.0,-0.004925,
2016-02-16,50.94,50358.3,1.0,1.0,-0.020564,
2016-02-17,53.8,50358.3,1.0,1.0,0.056001,
2016-02-18,52.9,50358.3,1.0,1.0,-0.016755,
2016-02-19,54.35,50358.3,1.0,1.0,0.027428,
2016-02-22,56.45,50358.3,1.0,1.0,0.038687,
2016-02-23,54.31,50358.3,1.0,1.0,-0.037911,
2016-02-24,54.35,50358.3,1.0,1.0,0.000817,
2016-02-25,53.63,50358.3,1.0,1.0,-0.013294,
2016-02-26,52.81,50358.3,1.0,1.0,-0.01522,
2016-02-29,53.47,50358.3,1.0,1.0,0.01245,
2016-03-01,52.63,50358.3,1.0,1.0,-0.015786,
2016-03-02,51.95,50358.3,1.0,1.0,-0.012783,
2016-03-03,51.7,50358.3,1.0,1.0,-0.004983,
2016-03-04,51.19,50358.3,1.0,1.0,-0.009874,
2016-03-07,49.72,50358.3,1.0,1.0,-0.028712,
2016-03-08,50.63,50358.3,1.0,1.0,0.018313,
2016-03-09,51.87,50358.3,1.0,1.0,0.024508,
2016-03-10,52.25,50358.3,1.0,1.0,0.007316,
2016-03-11,51.73,50358.3,1.0,1.0,-0.009949,
2016-03-14,50.81,50358.3,1.0,1.0,-0.01773,
2016-03-15,49.91,50358.3,1.0,1.0,-0.017692,
2016-03-16,52.77,50358.3,1.0,1.0,0.057209,
2016-03-17,53.92,50358.3,1.0,1.0,0.021789,
2016-03-18,52.79,50358.3,1.0,1.0,-0.020906,
2016-03-21,52.95,50358.3,1.0,1.0,0.002999,
2016-03-22,52.44,50358.3,1.0,1.0,-0.009616,
2016-03-23,53.13,50358.3,1.0,1.0,0.013141,
2016-03-24,53.77,50358.3,1.0,1.0,0.012162,
2016-03-25,55.14,50358.3,1.0,1.0,0.025371,
2016-03-28,53.97,50358.3,1.0,1.0,-0.021151,
2016-03-29,54.05,50358.3,1.0,1.0,0.001556,
2016-03-30,51.78,50358.3,1.0,1.0,-0.042027,
2016-03-31,50.2,50358.3,1.0,1.0,-0.030663,
2016-04-01,51.22,50358.3,1.0,1.0,0.020472,
2016-04-04,50.02,50358.3,1.0,1.0,-0.023501,
2016-04-05,48.97,50358.3,1.0,1.0,-0.020924,
2016-04-06,48.92,50358.3,1.0,1.0,-0.001157,
2016-04-07,49.69,50358.3,1.0,1.0,0.015844,
2016-04-08,48.39,50358.3,1.0,1.0,-0.02608,
2016-04-11,44.47,50358.3,1.0,1.0,-0.081047,
2016-04-12,43.51,50358.3,1.0,1.0,-0.021613,
2016-04-13,44.75,50358.3,1.0,1.0,0.028379,
2016-04-14,45.07,50358.3,1.0,1.0,0.007305,
2016-04-15,46.48,50358.3,1.0,1.0,0.031302,
2016-04-18,45.19,50358.3,1.0,1.0,-0.027738,
2016-04-19,43.41,50358.3,1.0,1.0,-0.039513,
2016-04-20,43.85,50358.3,1.0,1.0,0.010197,
2016-04-21,44.06,50358.3,1.0,1.0,0.004814,
2016-04-22,44.34,50358.3,1.0,1.0,0.006396,
2016-04-25,45.31,50358.3,1.0,1.0,0.02167,
2016-04-26,45.72,50358.3,1.0,1.0,0.009206,
2016-04-27,46.13,50358.3,1.0,1.0,0.008817,
2016-04-28,46.88,50358.3,1.0,1.0,0.016338,
2016-04-29,47.4,50358.3,1.0,1.0,0.011164,
2016-05-02,48.34,50358.3,1.0,1.0,0.019819,
2016-05-03,49.48,50358.3,1.0,1.0,0.023524,
2016-05-04,51.28,50358.3,1.0,1.0,0.03646,
2016-05-05,50.44,50358.3,1.0,1.0,-0.016408,
2016-05-06,50.98,50358.3,1.0,1.0,0.010633,
2016-05-09,50.48,50358.3,1.0,1.0,-0.009801,
2016-05-10,49.43,50358.3,1.0,1.0,-0.020752,
2016-05-11,48.57,50358.3,1.0,1.0,-0.01736,
2016-05-12,49.11,50358.3,1.0,1.0,0.010983,
2016-05-13,49.55,50358.3,1.0,1.0,0.009123,
2016-05-16,49.98,50358.3,1.0,1.0,0.008691,
2016-05-17,49.67,50358.3,1.0,1.0,-0.006357,
2016-05-18,49.62,50358.3,1.0,1.0,-0.000877,
2016-05-19,50.56,50358.3,1.0,1.0,0.018847,
2016-05-20,48.74,50358.3,1.0,1.0,-0.036048,
2016-05-23,48.72,50358.3,1.0,1.0,-0.000368,
2016-05-24,48.78,50358.3,1.0,1.0,0.001201,
2016-05-25,49.62,50358.3,1.0,1.0,0.017272,
2016-05-26,47.99,50358.3,1.0,1.0,-0.032823,
2016-05-27,49.7,50358.3,1.0,1.0,0.035551,
2016-05-30,49.9,50358.3,1.0,1.0,0.004178,
2016-05-31,50.18,50358.3,1.0,1.0,0.005455,
2016-06-01,49.65,50358.3,1.0,1.0,-0.010539,
2016-06-02,50.25,50358.3,1.0,1.0,0.012029,
2016-06-03,50.25,50358.3,1.0,1.0,0.000192,
2016-06-06,51.69,50358.3,1.0,1.0,0.028462,
2016-06-07,49.88,50358.3,1.0,1.0,-0.034939,
2016-06-08,50.04,50358.3,1.0,1.0,0.00326,
2016-06-09,50.49,50358.3,1.0,1.0,0.008887,
2016-06-10,50.21,50358.3,1.0,1.0,-0.005419,
2016-06-13,49.68,50358.3,1.0,1.0,-0.010617,
2016-06-14,49.2,50358.3,1.0,1.0,-0.009626,
2016-06-15,49.36,50358.3,1.0,1.0,0.003239,
2016-06-16,47.22,50358.3,1.0,1.0,-0.043438,
2016-06-17,48.28,50358.3,1.0,1.0,0.022456,
2016-06-20,47.68,50358.3,1.0,1.0,-0.012408,
2016-06-21,47.78,50358.3,1.0,1.0,0.002111,
2016-06-22,48.16,50358.3,1.0,1.0,0.007885,
2016-06-23,47.51,50358.3,1.0,1.0,-0.01349,
2016-06-24,47.31,50358.3,1.0,1.0,-0.004097,
2016-06-27,45.01,50358.3,1.0,1.0,-0.048597,
2016-06-28,45.77,50358.3,1.0,1.0,0.016755,
2016-06-29,46.92,50358.3,1.0,1.0,0.025284,
2016-06-30,45.0,50358.3,1.0,1.0,-0.040933,
2016-07-01,44.52,50358.3,1.0,1.0,-0.01066,
2016-07-04,43.19,50358.3,1.0,1.0,-0.030024,
2016-07-05,42.96,50358.3,1.0,1.0,-0.005212,
2016-07-06,43.59,50358.3,1.0,1.0,0.014719,
2016-07-07,44.6,50358.3,1.0,1.0,0.023003,
2016-07-08,45.77,50358.3,1.0,1.0,0.026313,
2016-07-11,47.19,50358.3,1.0,1.0,0.030972,
2016-07-12,46.89,50358.3,1.0,1.0,-0.006279,
2016-07-13,45.57,50358.3,1.0,1.0,-0.028091,
2016-07-14,45.41,50358.3,1.0,1.0,-0.003703,
2016-07-15,46.06,50358.3,1.0,1.0,0.014345,
2016-07-18,44.68,50358.3,1.0,1.0,-0.029963,
2016-07-19,46.45,50358.3,1.0,1.0,0.039661,
2016-07-20,47.41,50358.3,1.0,1.0,0.020809,
2016-07-21,47.14,50358.3,1.0,1.0,-0.005901,
2016-07-22,46.29,50358.3,1.0,1.0,-0.017863,
2016-07-25,45.51,50358.3,1.0,1.0,-0.016878,
2016-07-26,45.55,50358.3,1.0,1.0,0.000823,
2016-07-27,45.26,50358.3,1.0,1.0,-0.006445,
2016-07-28,46.26,50358.3,1.0,1.0,0.0221,
2016-07-29,45.83,50358.3,1.0,1.0,-0.009151,
2016-08-01,46.35,50358.3,1.0,1.0,0.011239,
2016-08-02,46.27,50358.3,1.0,1.0,-0.001652,
2016-08-03,46.53,50358.3,1.0,1.0,0.00553,
2016-08-04,46.23,50358.3,1.0,1.0,-0.006461,
2016-08-05,46.97,50358.3,1.0,1.0,0.01616,
2016-08-08,47.75,50358.3,1.0,1.0,0.016521,
2016-08-09,48.23,50358.3,1.0,1.0,0.010133,
2016-08-10,48.89,50358.3,1.0,1.0,0.013718,
2016-08-11,47.75,50358.3,1.0,1.0,-0.023353,
2016-08-12,48.08,50358.3,1.0,1.0,0.006824,
2016-08-15,49.5,50358.3,1.0,1.0,0.029455,
2016-08-16,50.03,50358.3,1.0,1.0,0.010897,
2016-08-17,48.76,50358.3,1.0,1.0,-0.025375,
2016-08-18,48.66,50358.3,1.0,1.0,-0.002152,
2016-08-19,49.05,50358.3,1.0,1.0,0.008075,
2016-08-22,48.12,50358.3,1.0,1.0,-0.01896,
2016-08-23,46.53,50358.3,1.0,1.0,-0.033009,
2016-08-24,46.14,50358.3,1.0,1.0,-0.008511,
2016-08-25,45.28,50358.3,1.0,1.0,-0.018569,
2016-08-26,45.22,50358.3,1.0,1.0,-0.001301,
2016-08-29,43.49,50358.3,1.0,1.0,-0.038406,
2016-08-30,44.04,50358.3,1.0,1.0,0.012677,
2016-08-31,43.33,50358.3,1.0,1.0,-0.016063,
2016-09-01,44.34,50358.3,1.0,1.0,0.02321,
2016-09-02,44.0,50358.3,1.0,1.0,-0.007578,
2016-09-05,43.93,50358.3,1.0,1.0,-0.001567,
2016-09-06,43.71,50358.3,1.0,1.0,-0.0051,
2016-09-07,42.95,50358.3,1.0,1.0,-0.017328,
2016-09-08,45.53,50358.3,1.0,1.0,0.06013,
2016-09-09,44.95,50358.3,1.0,1.0,-0.012781,
2016-09-12,46.02,50358.3,1.0,1.0,0.023893,
2016-09-13,44.79,50358.3,1.0,1.0,-0.026846,
2016-09-14,45.15,50358.3,1.0,1.0,0.008006,
2016-09-15,45.62,50358.3,1.0,1.0,0.010592,
2016-09-16,45.55,50358.3,1.0,1.0,-0.001538,
2016-09-19,44.89,50358.3,1.0,1.0,-0.01456,
2016-09-20,44.57,50358.3,1.0,1.0,-0.007254,
2016-09-21,44.09,50358.3,1.0,1.0,-0.010584,
2016-09-22,46.67,50358.3,1.0,1.0,0.058343,
2016-09-23,46.6,50358.3,1.0,1.0,-0.001501,
2016-09-26,47.14,50358.3,1.0,1.0,0.01171,
2016-09-27,49.16,50358.3,1.0,1.0,0.042698,
2016-09-28,48.09,50358.3,1.0,1.0,-0.021756,
2016-09-29,48.08,50358.3,1.0,1.0,-5.5e-05,
2016-09-30,47.73,50358.3,1.0,1.0,-0.007394,
2016-10-03,47.58,50358.3,1.0,1.0,-0.003022,
2016-10-04,47.33,50358.3,1.0,1.0,-0.005243,
2016-10-05,46.46,50358.3,1.0,1.0,-0.018358,
2016-10-06,46.64,50358.3,1.0,1.0,0.003739,
2016-10-07,45.42,50358.3,1.0,1.0,-0.026122,
2016-10-10,46.47,50358.3,1.0,1.0,0.023042,
2016-10-11,47.12,50358.3,1.0,1.0,0.014103,
2016-10-12,46.52,50358.3,1.0,1.0,-0.012724,
2016-10-13,45.98,50358.3,1.0,1.0,-0.011574,
2016-10-14,46.24,50358.3,1.0,1.0,0.005671,
2016-10-17,45.32,50358.3,1.0,1.0,-0.019928,
2016-10-18,47.29,50358.3,1.0,1.0,0.043458,
2016-10-19,47.66,50358.3,1.0,1.0,0.007663,
2016-10-20,48.06,50358.3,1.0,1.0,0.008518,
2016-10-21,48.81,50358.3,1.0,1.0,0.015519,
2016-10-24,48.09,50358.3,1.0,1.0,-0.01476,
2016-10-25,49.31,50358.3,1.0,1.0,0.025504,
2016-10-26,49.4,50358.3,1.0,1.0,0.001792,
2016-10-27,50.49,50358.3,1.0,1.0,0.022091,
2016-10-28,50.21,50358.3,1.0,1.0,-0.005695,
2016-10-31,51.77,50358.3,1.0,1.0,0.031139,
2016-11-01,52.22,50358.3,1.0,1.0,0.008713,
2016-11-02,54.98,50358.3,1.0,1.0,0.052781,
2016-11-03,54.44,50358.3,1.0,1.0,-0.009782,
2016-11-04,54.65,50358.3,1.0,1.0,0.003959,
2016-11-07,53.27,50358.3,1.0,1.0,-0.025396,
2016-11-08,52.54,50358.3,1.0,1.0,-0.013573,
2016-11-09,53.28,50358.3,1.0,1.0,0.01399,
2016-11-10,54.69,50358.3,1.0,1.0,0.026497,
2016-11-11,58.67,50358.3,1.0,1.0,0.072744,
2016-11-14,58.48,50358.3,1.0,1.0,-0.003274,
2016-11-15,57.13,50358.3,1.0,1.0,-0.023091,
2016-11-16,58.11,50358.3,1.0,1.0,0.017273,
2016-11-17,56.51,50358.3,1.0,1.0,-0.027645,
2016-11-18,57.22,50358.3,1.0,1.0,0.012667,
2016-11-21,56.48,50358.3,1.0,1.0,-0.012932,
2016-11-22,56.71,50358.3,1.0,1.0,0.004129,
2016-11-23,58.16,50358.3,1.0,1.0,0.025554,
2016-11-24,57.95,50358.3,1.0,1.0,-0.003611,
2016-11-25,59.21,50358.3,1.0,1.0,0.021667,
2016-11-28,60.41,50358.3,1.0,1.0,0.020204,
2016-11-29,57.71,50358.3,1.0,1.0,-0.044686,
2016-11-30,56.42,50358.3,1.0,1.0,-0.02235,
2016-12-01,54.29,50358.3,1.0,1.0,-0.037723,
2016-12-02,56.91,50358.3,1.0,1.0,0.048222,
2016-12-05,56.71,50358.3,1.0,1.0,-0.003483,
2016-12-06,59.13,50358.3,1.0,1.0,0.042678,
2016-12-07,56.8,50358.3,1.0,1.0,-0.039365,
2016-12-08,55.97,50358.3,1.0,1.0,-0.014602,
2016-12-09,57.0,50358.3,1.0,1.0,0.018426,
2016-12-12,57.19,50358.3,1.0,1.0,0.00335,
2016-12-13,57.87,50358.3,1.0,1.0,0.011903,
2016-12-14,56.1,50358.3,1.0,1.0,-0.030581,
2016-12-15,57.93,50358.3,1.0,1.0,0.032613,
2016-12-16,58.97,50358.3,1.0,1.0,0.017852,
2016-12-19,59.48,50358.3,1.0,1.0,0.00872,
2016-12-20,58.46,50358.3,1.0,1.0,-0.017267,
2016-12-21,58.86,50358.3,1.0,1.0,0.006837,
2016-12-22,58.39,50358.3,1.0,1.0,-0.007925,
2016-12-23,56.07,50358.3,1.0,1.0,-0.039769,
2016-12-26,55.95,50358.3,1.0,1.0,-0.002167,
2016-12-27,55.68,50358.3,1.0,1.0,-0.004711,
2016-12-28,57.07,50358.3,1.0,1.0,0.024849,
2016-12-29,54.03,50358.3,1.0,1.0,-0.053136,
2016-12-30,54.29,50358.3,1.0,1.0,0.004698,
2017-01-02,52.75,50358.3,1.0,1.0,-0.028292,
2017-01-03,53.11,50358.3,1.0,1.0,0.006727,
2017-01-04,53.53,50358.3,1.0,1.0,0.008058,
2017-01-05,53.37,50358.3,1.0,1.0,-0.003039,
2017-01-06,54.36,50358.3,1.0,1.0,0.018592,
2017-01-09,52.71,50358.3,1.0,1.0,-0.030394,
2017-01-10,54.08,50358.3,1.0,1.0,0.025965,
2017-01-11,53.12,50358.3,1.0,1.0,-0.017797,
2017-01-12,51.12,50358.3,1.0,1.0,-0.037586,
2017-01-13,50.74,50358.3,1.0,1.0,-0.00747,
2017-01-16,48.2,50358.3,1.0,1.0,-0.049965,
2017-01-17,48.45,50358.3,1.0,1.0,0.005156,
2017-01-18,48.11,50358.3,1.0,1.0,-0.007157,
2017-01-19,49.5,50358.3,1.0,1.0,0.029072,
2017-01-20,50.23,50358.3,1.0,1.0,0.014727,
2017-01-23,48.54,50358.3,1.0,1.0,-0.033792,
2017-01-24,47.52,50358.3,1.0,1.0,-0.020865,
2017-01-25,48.07,50358.3,1.0,1.0,0.011607,
2017-01-26,49.02,50358.3,1.0,1.0,0.019565,
2017-01-27,50.43,50358.3,1.0,1.0,0.028795,
2017-01-30,51.87,50358.3,1.0,1.0,0.028598,
2017-01-31,51.71,50358.3,1.0,1.0,-0.003103,
2017-02-01,52.11,50358.3,1.0,1.0,0.007777,
2017-02-02,53.71,50358.3,1.0,1.0,0.03068,
2017-02-03,53.27,50358.3,1.0,1.0,-0.008207,
2017-02-06,53.7,50358.3,1.0,1.0,0.00819,
2017-02-07,53.23,50358.3,1.0,1.0,-0.008768,
2017-02-08,52.48,50358.3,1.0,1.0,-0.014085,
2017-02-09,52.49,50358.3,1.0,1.0,0.000202,
2017-02-10,51.59,50358.3,1.0,1.0,-0.017313,
2017-02-13,51.37,50358.3,1.0,1.0,-0.004094,
2017-02-14,50.07,50358.3,1.0,1.0,-0.025475,
2017-02-15,49.79,50358.3,1.0,1.0,-0.005505,
2017-02-16,50.28,50358.3,1.0,1.0,0.009853,
2017-02-17,49.53,50358.3,1.0,1.0,-0.01498,
2017-02-20,49.49,50358.3,1.0,1.0,-0.000736,
2017-02-21,49.61,50358.3,1.0,1.0,0.002389,
2017-02-22,50.1,50358.3,1.0,1.0,0.009954,
2017-02-23,49.89,50358.3,1.0,1.0,-0.004157,
2017-02-24,51.16,50358.3,1.0,1.0,0.025426,
2017-02-27,48.6,50358.3,1.0,1.0,-0.050096,
2017-02-28,52.1,50358.3,1.0,1.0,0.072042,
2017-03-01,50.97,50358.3,1.0,1.0,-0.021634,
2017-03-02,51.42,50358.3,1.0,1.0,0.008763,
2017-03-03,50.23,50358.3,1.0,1.0,-0.023215,
2017-03-06,50.96,50358.3,1.0,1.0,0.014613,
2017-03-07,51.25,50358.3,1.0,1.0,0.005696,
2017-03-08,50.41,50358.3,1.0,1.0,-0.016444,
2017-03-09,51.67,50358.3,1.0,1.0,0.025112,
2017-03-10,51.42,50358.3,1.0,1.0,-0.004883,
2017-03-13,52.05,50358.3,1.0,1.0,0.012252,
2017-03-14,50.87,50358.3,1.0,1.0,-0.022715,
2017-03-15,50.78,50358.3,1.0,1.0,-0.001699,
2017-03-16,53.23,50358.3,1.0,1.0,0.048264,
2017-03-17,54.43,50358.3,1.0,1.0,0.022405,
2017-03-20,54.78,50358.3,1.0,1.0,0.006446,
2017-03-21,54.14,50358.3,1.0,1.0,-0.011668,
2017-03-22,54.17,50358.3,1.0,1.0,0.000661,
2017-03-23,54.38,50358.3,1.0,1.0,0.003791,
2017-03-24,54.92,50358.3,1.0,1.0,0.009874,
2017-03-27,53.46,50358.3,1.0,1.0,-0.02645,
2017-03-28,54.28,50358.3,1.0,1.0,0.015201,
2017-03-29,52.82,50358.3,1.0,1.0,-0.026752,
2017-03-30,54.88,50358.3,1.0,1.0,0.038937,
2017-03-31,53.82,50358.3,1.0,1.0,-0.019295,
2017-04-03,54.16,50358.3,1.0,1.0,0.006181,
2017-04-04,55.42,50358.3,1.0,1.0,0.023441,
2017-04-05,55.04,50358.3,1.0,1.0,-0.006993,
2017-04-06,55.44,50358.3,1.0,1.0,0.007243,
2017-04-07,57.32,50358.3,1.0,1.0,0.034062,
2017-04-10,58.05,50358.3,1.0,1.0,0.01267,
2017-04-11,58.49,50358.3,1.0,1.0,0.007605,
2017-04-12,56.12,50358.3,1.0,1.0,-0.040559,
2017-04-13,54.82,50358.3,1.0,1.0,-0.023103,
2017-04-14,56.16,50358.3,1.0,1.0,0.024468,
2017-04-17,56.88,50358.3,1.0,1.0,0.012805,
2017-04-18,57.82,50358.3,1.0,1.0,0.016495,
2017-04-19,58.65,50358.3,1.0,1.0,0.014397,
2017-04-20,60.44,50358.3,1.0,1.0,0.030458,
2017-04-21,60.01,50358.3,1.0,1.0,-0.007208,
2017-04-24,60.12,50358.3,1.0,1.0,0.001935,
2017-04-25,58.6,50358.3,1.0,1.0,-0.025328,
2017-04-26,56.77,50358.3,1.0,1.0,-0.031145,
2017-04-27,54.52,50358.3,1.0,1.0,-0.039613,
2017-04-28,53.33,50358.3,1.0,1.0,-0.021964,
2017-05-01,55.3,50358.3,1.0,1.0,0.03698,
2017-05-02,53.22,50358.3,1.0,1.0,-0.037513,
2017-05-03,52.79,50358.3,1.0,1.0,-0.008212,
2017-05-04,51.12,50358.3,1.0,1.0,-0.031496,
2017-05-05,50.34,50358.3,1.0,1.0,-0.015269,
2017-05-08,50.5,50358.3,1.0,1.0,0.003119,
2017-05-09,49.61,50358.3,1.0,1.0,-0.01761,
2017-05-10,50.88,50358.3,1.0,1.0,0.02552,
2017-05-11,52.74,50358.3,1.0,1.0,0.036517,
2017-05-12,49.92,50358.3,1.0,1.0,-0.053469,
2017-05-15,49.06,50358.3,1.0,1.0,-0.017206,
2017-05-16,49.08,50358.3,1.0,1.0,0.000461,
2017-05-17,50.38,50358.3,1.0,1.0,0.026418,
2017-05-18,49.78,50358.3,1.0,1.0,-0.011794,
2017-05-19,49.71,50358.3,1.0,1.0,-0.001437,
2017-05-22,48.3,50358.3,1.0,1.0,-0.02832,
2017-05-23,46.51,50358.3,1.0,1.0,-0.037052,
2017-05-24,48.11,50358.3,1.0,1.0,0.034315,
2017-05-25,46.0,50358.3,1.0,1.0,-0.043762,
2017-05-26,48.6,50358.3,1.0,1.0,0.05648,
2017-05-29,49.41,50358.3,1.0,1.0,0.016585,
2017-05-30,50.17,50358.3,1.0,1.0,0.015483,
2017-05-31,50.82,50358.3,1.0,1.0,0.012939,
2017-06-01,50.47,50358.3,1.0,1.0,-0.007001,
2017-06-02,50.9,50358.3,1.0,1.0,0.008489,
2017-06-05,50.62,50358.3,1.0,1.0,-0.005479,
2017-06-06,51.24,50358.3,1.0,1.0,0.012394,
2017-06-07,51.15,50358.3,1.0,1.0,-0.001766,
2017-06-08,49.95,50358.3,1.0,1.0,-0.023493,
2017-06-09,48.87,50358.3,1.0,1.0,-0.021621,
2017-06-12,47.68,50358.3,1.0,1.0,-0.024288,
2017-06-13,48.76,50358.3,1.0,1.0,0.0226,
2017-06-14,48.0,50358.3,1.0,1.0,-0.015658,
2017-06-15,45.8,50358.3,1.0,1.0,-0.045781,
2017-06-16,46.2,50358.3,1.0,1.0,0.008604,
2017-06-19,47.86,50358.3,1.0,1.0,0.036033,
2017-06-20,48.71,50358.3,1.0,1.0,0.017756,
2017-06-21,47.96,50358.3,1.0,1.0,-0.015324,
2017-06-22,46.13,50358.3,1.0,1.0,-0.0383,
2017-06-23,45.93,50358.3,1.0,1.0,-0.004174,
2017-06-26,45.71,50358.3,1.0,1.0,-0.00477,
2017-06-27,44.62,50358.3,1.0,1.0,-0.023935,
2017-06-28,45.17,50358.3,1.0,1.0,0.012345,
2017-06-29,47.17,50358.3,1.0,1.0,0.044326,
2017-06-30,47.38,50358.3,1.0,1.0,0.004387,
2017-07-03,47.52,50358.3,1.0,1.0,0.002897,
2017-07-04,46.42,50358.3,1.0,1.0,-0.023186,
2017-07-05,47.95,50358.3,1.0,1.0,0.033124,
2017-07-06,47.82,50358.3,1.0,1.0,-0.002759,
2017-07-07,47.12,50358.3,1.0,1.0,-0.014748,
2017-07-10,47.14,50358.3,1.0,1.0,0.00057,
2017-07-11,47.63,50358.3,1.0,1.0,0.010425,
2017-07-12,47.75,50358.3,1.0,1.0,0.002386,
2017-07-13,49.1,50358.3,1.0,1.0,0.028392,
2017-07-14,49.51,50358.3,1.0,1.0,0.008293,
2017-07-17,49.13,50358.3,1.0,1.0,-0.007745,
2017-07-18,49.56,50358.3,1.0,1.0,0.00871,
2017-07-19,50.11,50358.3,1.0,1.0,0.011096,
2017-07-20,48.52,50358.3,1.0,1.0,-0.031571,
2017-07-21,49.83,50358.3,1.0,1.0,0.026992,
2017-07-24,49.43,50358.3,1.0,1.0,-0.008149,
2017-07-25,49.05,50358.3,1.0,1.0,-0.00754,
2017-07-26,49.9,50358.3,1.0,1.0,0.017225,
2017-07-27,50.75,50358.3,1.0,1.0,0.017122,
2017-07-28,49.86,50358.3,1.0,1.0,-0.017626,
2017-07-31,50.78,50358.3,1.0,1.0,0.018484,
2017-08-01,50.05,50358.3,1.0,1.0,-0.01431,
2017-08-02,52.24,50358.3,1.0,1.0,0.043648,
2017-08-03,51.16,50358.3,1.0,1.0,-0.020625,
2017-08-04,51.41,50358.3,1.0,1.0,0.004801,
2017-08-07,50.4,50358.3,1.0,1.0,-0.019539,
2017-08-08,53.11,50358.3,1.0,1.0,0.053797,
2017-08-09,51.51,50358.3,1.0,1.0,-0.030209,
2017-08-10,52.11,50358.3,1.0,1.0,0.011697,
2017-08-11,51.15,50358.3,1.0,1.0,-0.01843,
2017-08-14,50.67,50358.3,1.0,1.0,-0.009415,
2017-08-15,51.18,50358.3,1.0,1.0,0.009978,
2017-08-16,52.65,50358.3,1.0,1.0,0.028847,
2017-08-17,54.69,50358.3,1.0,1.0,0.038744,
2017-08-18,52.66,50358.3,1.0,1.0,-0.037148,
2017-08-21,52.95,50358.3,1.0,1.0,0.005484,
2017-08-22,54.78,50358.3,1.0,1.0,0.034665,
2017-08-23,52.56,50358.3,1.0,1.0,-0.040571,
2017-08-24,52.91,50358.3,1.0,1.0,0.00661,
2017-08-25,52.86,50358.3,1.0,1.0,-0.001009,
2017-08-28,53.33,50358.3,1.0,1.0,0.009033,
2017-08-29,52.3,50358.3,1.0,1.0,-0.019311,
2017-08-30,50.48,50358.3,1.0,1.0,-0.034803,
2017-08-31,48.17,50358.3,1.0,1.0,-0.045804,
2017-09-01,49.27,50358.3,1.0,1.0,0.022735,
2017-09-04,50.54,50358.3,1.0,1.0,0.025874,
2017-09-05,50.86,50358.3,1.0,1.0,0.006327,
2017-09-06,50.16,50358.3,1.0,1.0,-0.013688,
2017-09-07,48.2,50358.3,1.0,1.0,-0.039136,
2017-09-08,48.81,50358.3,1.0,1.0,0.012644,
2017-09-11,47.49,50358.3,1.0,1.0,-0.027013,
2017-09-12,46.64,50358.3,1.0,1.0,-0.017873,
2017-09-13,45.95,50358.3,1.0,1.0,-0.014928,
2017-09-14,45.69,50358.3,1.0,1.0,-0.005685,
2017-09-15,44.82,50358.3,1.0,1.0,-0.018998,
2017-09-18,44.81,50358.3,1.0,1.0,-0.000156,
2017-09-19,44.1,50358.3,1.0,1.0,-0.015761,
2017-09-20,44.81,50358.3,1.0,1.0,0.016005,
2017-09-21,45.89,50358.3,1.0,1.0,0.024078,
2017-09-22,45.96,50358.3,1.0,1.0,0.001648,
2017-09-25,46.43,50358.3,1.0,1.0,0.010198,
2017-09-26,48.81,50358.3,1.0,1.0,0.051148,
2017-09-27,47.41,50358.3,1.0,1.0,-0.02869,
2017-09-28,45.98,50358.3,1.0,1.0,-0.030108,
2017-09-29,46.71,50358.3,1.0,1.0,0.015849,
2017-10-02,48.9,50358.3,1.0,1.0,0.046834,
2017-10-03,48.55,50358.3,1.0,1.0,-0.007187,
2017-10-04,50.55,50358.3,1.0,1.0,0.041327,
2017-10-05,50.62,50358.3,1.0,1.0,0.001357,
2017-10-06,49.75,50358.3,1.0,1.0,-0.017156,
2017-10-09,48.54,50358.3,1.0,1.0,-0.024439,
2017-10-10,49.23,50358.3,1.0,1.0,0.014251,
2017-10-11,48.11,50358.3,1.0,1.0,-0.022663,
2017-10-12,48.16,50358.3,1.0,1.0,0.000992,
2017-10-13,49.98,50358.3,1.0,1.0,0.037749,
2017-10-16,49.56,50358.3,1.0,1.0,-0.008289,
2017-10-17,51.1,50358.3,1.0,1.0,0.031058,
2017-10-18,49.59,50358.3,1.0,1.0,-0.029667,
2017-10-19,48.91,50358.3,1.0,1.0,-0.013682,
2017-10-20,47.24,50358.3,1.0,1.0,-0.034143,
2017-10-23,47.28,50358.3,1.0,1.0,0.000794,
2017-10-24,48.12,50358.3,1.0,1.0,0.017926,
2017-10-25,48.16,50358.3,1.0,1.0,0.000846,
2017-10-26,49.56,50358.3,1.0,1.0,0.028908,
2017-10-27,48.63,50358.3,1.0,1.0,-0.018766,
2017-10-30,48.84,50358.3,1.0,1.0,0.00446,
2017-10-31,48.18,50358.3,1.0,1.0,-0.013529,
2017-11-01,48.56,50358.3,1.0,1.0,0.007753,
2017-11-02,49.1,50358.3,1.0,1.0,0.011196,
2017-11-03,49.74,50358.3,1.0,1.0,0.013107,
2017-11-06,48.43,50358.3,1.0,1.0,-0.026308,
2017-11-07,47.37,50358.3,1.0,1.0,-0.022072,
2017-11-08,46.53,50358.3,1.0,1.0,-0.017708,
2017-11-09,46.22,50358.3,1.0,1.0,-0.006671,
2017-11-10,46.27,50358.3,1.0,1.0,0.001134,
2017-11-13,47.02,50358.3,1.0,1.0,0.016169,
2017-11-14,46.03,50358.3,1.0,1.0,-0.021093,
2017-11-15,44.25,50358.3,1.0,1.0,-0.038628,
2017-11-16,46.55,50358.3,1.0,1.0,0.052104,
2017-11-17,45.26,50358.3,1.0,1.0,-0.02773,
2017-11-20,46.14,50358.3,1.0,1.0,0.019302,
2017-11-21,46.13,50358.3,1.0,1.0,-0.000209,
2017-11-22,46.36,50358.3,1.0,1.0,0.005087,
2017-11-23,46.31,50358.3,1.0,1.0,-0.000996,
2017-11-24,45.84,50358.3,1.0,1.0,-0.010146,
2017-11-27,46.31,50358.3,1.0,1.0,0.010231,
2017-11-28,45.78,50358.3,1.0,1.0,-0.011422,
2017-11-29,47.04,50358.3,1.0,1.0,0.027408,
2017-11-30,47.64,50358.3,1.0,1.0,0.012768,
2017-12-01,48.28,50358.3,1.0,1.0,0.013526,
2017-12-04,47.65,50358.3,1.0,1.0,-0.013047,
2017-12-05,47.34,50358.3,1.0,1.0,-0.006611,
2017-12-06,45.96,50358.3,1.0,1.0,-0.029046,
2017-12-07,45.53,50358.3,1.0,1.0,-0.009389,
2017-12-08,44.37,50358.3,1.0,1.0,-0.025513,
2017-12-11,45.75,50358.3,1.0,1.0,0.031035,
2017-12-12,45.76,50358.3,1.0,1.0,0.000254,
2017-12-13,45.9,50358.3,1.0,1.0,0.003139,
2017-12-14,45.61,50358.3,1.0,1.0,-0.006344,
2017-12-15,45.79,50358.3,1.0,1.0,0.003791,
2017-12-18,48.53,50358.3,1.0,1.0,0.059941,
2017-12-19,48.14,50358.3,1.0,1.0,-0.008131,
2017-12-20,47.34,50358.3,1.0,1.0,-0.016437,
2017-12-21,47.9,50358.3,1.0,1.0,0.011826,
2017-12-22,45.04,50358.3,1.0,1.0,-0.059734,
2017-12-25,45.07,50358.3,1.0,1.0,0.000576,
2017-12-26,44.63,50358.3,1.0,1.0,-0.009834,
2017-12-27,43.53,50358.3,1.0,1.0,-0.024476,
2017-12-28,44.02,50358.3,1.0,1.0,0.011294,
2017-12-29,44.04,50358.3,1.0,1.0,0.000337,
2018-01-01,42.13,50358.3,1.0,1.0,-0.043265,
2018-01-02,41.45,50358.3,1.0,1.0,-0.016345,
2018-01-03,38.63,50358.3,1.0,1.0,-0.067882,
2018-01-04,38.87,50358.3,1.0,1.0,0.0061,
2018-01-05,39.1,50358.3,1.0,1.0,0.005859,
2018-01-08,38.32,50358.3,1.0,1.0,-0.019804,
2018-01-09,38.78,50358.3,1.0,1.0,0.012079,
2018-01-10,37.57,50358.3,1.0,1.0,-0.031249,
2018-01-11,36.67,50358.3,1.0,1.0,-0.023872,
2018-01-12,37.01,50358.3,1.0,1.0,0.009097,
2018-01-15,36.37,50358.3,1.0,1.0,-0.017339,
2018-01-16,36.28,50358.3,1.0,1.0,-0.00246,
2018-01-17,35.76,50358.3,1.0,1.0,-0.014386,
2018-01-18,35.37,50358.3,1.0,1.0,-0.010766,
2018-01-19,35.03,50358.3,1.0,1.0,-0.009727,
2018-01-22,34.4,50358.3,1.0,1.0,-0.017766,
2018-01-23,34.62,50358.3,1.0,1.0,0.006321,
2018-01-24,34.07,50358.3,1.0,1.0,-0.015906,
2018-01-25,34.05,50358.3,1.0,1.0,-0.000582,
2018-01-26,33.43,50358.3,1.0,1.0,-0.018284,
2018-01-29,32.19,50358.3,1.0,1.0,-0.037087,
2018-01-30,32.87,50358.3,1.0,1.0,0.021166,
2018-01-31,33.23,50358.3,1.0,1.0,0.011094,
2018-02-01,35.08,50358.3,1.0,1.0,0.055467,
2018-02-02,34.18,50358.3,1.0,1.0,-0.025686,
2018-02-05,33.97,50358.3,1.0,1.0,-0.005958,
2018-02-06,33.84,50358.3,1.0,1.0,-0.004036,
2018-02-07,34.62,50358.3,1.0,1.0,0.023054,
2018-02-08,34.16,50358.3,1.0,1.0,-0.013047,
2018-02-09,33.19,50358.3,1.0,1.0,-0.028653,
2018-02-12,34.13,50358.3,1.0,1.0,0.028433,
2018-02-13,33.84,50358.3,1.0,1.0,-0.008524,
2018-02-14,34.53,50358.3,1.0,1.0,0.020338,
2018-02-15,35.13,50358.3,1.0,1.0,0.01749,
2018-02-16,35.07,50358.3,1.0,1.0,-0.001675,
2018-02-19,34.89,50358.3,1.0,1.0,-0.005131,
2018-02-20,34.53,50358.3,1.0,1.0,-0.010306,
2018-02-21,34.49,50358.3,1.0,1.0,-0.001323,
2018-02-22,35.17,50358.3,1.0,1.0,0.019957,
2018-02-23,34.48,50358.3,1.0,1.0,-0.019879,
2018-02-26,34.53,50358.3,1.0,1.0,0.001655,
2018-02-27,33.59,50358.3,1.0,1.0,-0.02743,
2018-02-28,32.76,50358.3,1.0,1.0,-0.024518,
2018-03-01,32.71,50358.3,1.0,1.0,-0.0017,
2018-03-02,31.17,50358.3,1.0,1.0,-0.046881,
2018-03-05,32.72,50358.3,1.0,1.0,0.049703,
2018-03-06,31.77,50358.3,1.0,1.0,-0.029166,
2018-03-07,31.71,50358.3,1.0,1.0,-0.00192,
2018-03-08,32.58,50358.3,1.0,1.0,0.027456,
2018-03-09,31.88,50358.3,1.0,1.0,-0.021441,
2018-03-12,30.14,50358.3,1.0,1.0,-0.054686,
2018-03-13,29.79,50358.3,1.0,1.0,-0.011573,
2018-03-14,29.14,50358.3,1.0,1.0,-0.021721,
2018-03-15,27.56,50358.3,1.0,1.0,-0.054089,
2018-03-16,27.73,50358.3,1.0,1.0,0.005897,
2018-03-19,27.84,50358.3,1.0,1.0,0.00402,
2018-03-20,28.58,50358.3,1.0,1.0,0.026817,
2018-03-21,27.8,50358.3,1.0,1.0,-0.027481,
2018-03-22,26.73,50358.3,1.0,1.0,-0.038585,
2018-03-23,26.44,50358.3,1.0,1.0,-0.010666,
2018-03-26,26.36,50358.3,1.0,1.0,-0.003075,
2018-03-27,26.92,50358.3,1.0,1.0,0.021385,
2018-03-28,27.82,50358.3,1.0,1.0,0.033451,
2018-03-29,28.62,50358.3,1.0,1.0,0.028597,
2018-03-30,28.78,50358.3,1.0,1.0,0.005696,
2018-04-02,29.31,50358.3,1.0,1.0,0.018401,
2018-04-03,28.84,50358.3,1.0,1.0,-0.016202,
2018-04-04,28.93,50358.3,1.0,1.0,0.003088,
2018-04-05,28.08,50358.3,1.0,1.0,-0.029125,
2018-04-06,28.1,50358.3,1.0,1.0,0.000546,
2018-04-09,28.13,50358.3,1.0,1.0,0.00117,
2018-04-10,29.29,50358.3,1.0,1.0,0.041209,
2018-04-11,29.1,50358.3,1.0,1.0,-0.006435,
2018-04-12,29.14,50358.3,1.0,1.0,0.001203,
2018-04-13,29.28,50358.3,1.0,1.0,0.004741,
2018-04-16,28.93,50358.3,1.0,1.0,-0.011807,
2018-04-17,28.35,50358.3,1.0,1.0,-0.020021,
2018-04-18,29.22,50358.3,1.0,1.0,0.030682,
2018-04-19,28.51,50358.3,1.0,1.0,-0.02421,
2018-04-20,27.59,50358.3,1.0,1.0,-0.032304,
2018-04-23,28.02,50358.3,1.0,1.0,0.01549,
2018-04-24,28.78,50358.3,1.0,1.0,0.027199,
2018-04-25,28.44,50358.3,1.0,1.0,-0.011727,
2018-04-26,28.12,50358.3,1.0,1.0,-0.011362,
2018-04-27,28.29,50358.3,1.0,1.0,0.005841,
2018-04-30,27.78,50358.3,1.0,1.0,-0.017792,
2018-05-01,27.24,50358.3,1.0,1.0,-0.019532,
2018-05-02,27.79,50358.3,1.0,1.0,0.020361,
2018-05-03,28.18,50358.3,1.0,1.0,0.013709,
2018-05-04,29.05,50358.3,1.0,1.0,0.030987,
2018-05-07,28.16,50358.3,1.0,1.0,-0.030553,
2018-05-08,27.8,50358.3,1.0,1.0,-0.012937,
2018-05-09,27.96,50358.3,1.0,1.0,0.005808,
2018-05-10,27.32,50358.3,1.0,1.0,-0.022913,
2018-05-11,27.72,50358.3,1.0,1.0,0.01455,
2018-05-14,28.51,50358.3,1.0,1.0,0.028848,
2018-05-15,28.09,50358.3,1.0,1.0,-0.014852,
2018-05-16,28.09,50358.3,1.0,1.0,-3.3e-05,
2018-05-17,29.06,50358.3,1.0,1.0,0.034569,
2018-05-18,30.31,50358.3,1.0,1.0,0.043139,
2018-05-21,30.83,50358.3,1.0,1.0,0.017089,
2018-05-22,31.25,50358.3,1.0,1.0,0.013376,
2018-05-23,30.58,50358.3,1.0,1.0,-0.021226,
2018-05-24,30.82,50358.3,1.0,1.0,0.007694,
2018-05-25,31.2,50358.3,1.0,1.0,0.012485,
2018-05-28,31.02,50358.3,1.0,1.0,-0.005991,
2018-05-29,30.55,50358.3,1.0,1.0,-0.015122,
2018-05-30,29.59,50358.3,1.0,1.0,-0.031221,
2018-05-31,28.36,50358.3,1.0,1.0,-0.041778,
2018-06-01,27.03,50358.3,1.0,1.0,-0.0466,
2018-06-04,27.39,50358.3,1.0,1.0,0.013035,
2018-06-05,27.46,50358.3,1.0,1.0,0.00259,
2018-06-06,27.12,50358.3,1.0,1.0,-0.012495,
2018-06-07,26.87,50358.3,1.0,1.0,-0.008877,
2018-06-08,26.98,50358.3,1.0,1.0,0.004102,
2018-06-11,26.85,50358.3,1.0,1.0,-0.004898,
2018-06-12,25.98,50358.3,1.0,1.0,-0.032598,
2018-06-13,26.53,50358.3,1.0,1.0,0.02118,
2018-06-14,26.7,50358.3,1.0,1.0,0.006362,
2018-06-15,26.84,50358.3,1.0,1.0,0.005439,
2018-06-18,27.36,50358.3,1.0,1.0,0.019332,
2018-06-19,26.81,50358.3,1.0,1.0,-0.020283,
2018-06-20,27.57,50358.3,1.0,1.0,0.028579,
2018-06-21,27.45,50358.3,1.0,1.0,-0.004312,
2018-06-22,28.02,50358.3,1.0,1.0,0.020582,
2018-06-25,28.49,50358.3,1.0,1.0,0.016812,
2018-06-26,27.76,50358.3,1.0,1.0,-0.025565,
2018-06-27,28.07,50358.3,1.0,1.0,0.011176,
2018-06-28,28.26,50358.3,1.0,1.0,0.006897,
2018-06-29,28.26,50358.3,1.0,1.0,-0.000231,
2018-07-02,28.17,50358.3,1.0,1.0,-0.00322,
2018-07-03,28.08,50358.3,1.0,1.0,-0.003017,
2018-07-04,28.61,50358.3,1.0,1.0,0.018724,
2018-07-05,28.98,50358.3,1.0,1.0,0.012998,
2018-07-06,28.97,50358.3,1.0,1.0,-0.000227,
2018-07-09,27.93,50358.3,1.0,1.0,-0.036107,
2018-07-10,28.23,50358.3,1.0,1.0,0.01097,
2018-07-11,28.7,50358.3,1.0,1.0,0.016548,
2018-07-12,30.3,50358.3,1.0,1.0,0.055765,
2018-07-13,31.06,50358.3,1.0,1.0,0.02517,
2018-07-16,29.65,50358.3,1.0,1.0,-0.045485,
2018-07-17,29.68,50358.3,1.0,1.0,0.000924,
2018-07-18,30.97,50358.3,1.0,1.0,0.043442,
2018-07-19,31.4,50358.3,1.0,1.0,0.014109,
2018-07-20,31.62,50358.3,1.0,1.0,0.006955,
2018-07-23,32.28,50358.3,1.0,1.0,0.020867,
2018-07-24,31.77,50358.3,1.0,1.0,-0.015774,
2018-07-25,32.11,50358.3,1.0,1.0,0.010574,
2018-07-26,31.89,50358.3,1.0,1.0,-0.006948,
2018-07-27,31.84,50358.3,1.0,1.0,-0.001429,
2018-07-30,32.45,50358.3,1.0,1.0,0.019109,
2018-07-31,31.7,50358.3,1.0,1.0,-0.022939,
2018-08-01,32.67,50358.3,1.0,1.0,0.030414,
2018-08-02,32.31,50358.3,1.0,1.0,-0.011048,
2018-08-03,32.48,50358.3,1.0,1.0,0.005312,
2018-08-06,31.38,50358.3,1.0,1.0,-0.033989,
2018-08-07,31.89,50358.3,1.0,1.0,0.016455,
2018-08-08,32.99,50358.3,1.0,1.0,0.034343,
2018-08-09,32.55,50358.3,1.0,1.0,-0.013226,
2018-08-10,31.66,50358.3,1.0,1.0,-0.027234,
2018-08-13,31.85,50358.3,1.0,1.0,0.005731,
2018-08-14,32.95,50358.3,1.0,1.0,0.034549,
2018-08-15,31.79,50358.3,1.0,1.0,-0.035133,
2018-08-16,30.93,50358.3,1.0,1.0,-0.027142,
2018-08-17,30.56,50358.3,1.0,1.0,-0.011793,
2018-08-20,29.94,50358.3,1.0,1.0,-0.020441,
2018-08-21,29.33,50358.3,1.0,1.0,-0.020367,
2018-08-22,27.86,50358.3,1.0,1.0,-0.049941,
2018-08-23,28.23,50358.3,1.0,1.0,0.013269,
2018-08-24,28.43,50358.3,1.0,1.0,0.007198,
2018-08-27,27.27,50358.3,1.0,1.0,-0.040883,
2018-08-28,28.22,50358.3,1.0,1.0,0.034608,
2018-08-29,29.35,50358.3,1.0,1.0,0.040184,
2018-08-30,28.8,50358.3,1.0,1.0,-0.018807,
2018-08-31,29.59,50358.3,1.0,1.0,0.027414,
2018-09-03,29.16,50358.3,1.0,1.0,-0.014607,
2018-09-04,29.25,50358.3,1.0,1.0,0.003395,
2018-09-05,28.65,50358.3,1.0,1.0,-0.020803,
2018-09-06,30.18,50358.3,1.0,1.0,0.053583,
2018-09-07,29.94,50358.3,1.0,1.0,-0.008033,
2018-09-10,30.0,50358.3,1.0,1.0,0.002079,
2018-09-11,29.48,50358.3,1.0,1.0,-0.017322,
2018-09-12,30.8,50358.3,1.0,1.0,0.044694,
2018-09-13,32.19,50358.3,1.0,1.0,0.045329,
2018-09-14,33.45,50358.3,1.0,1.0,0.038932,
2018-09-17,34.19,50358.3,1.0,1.0,0.022245,
2018-09-18,33.65,50358.3,1.0,1.0,-0.015831,
2018-09-19,34.29,50358.3,1.0,1.0,0.019094,
2018-09-20,34.25,50358.3,1.0,1.0,-0.001128,
2018-09-21,35.32,50358.3,1.0,1.0,0.031018,
2018-09-24,36.24,50358.3,1.0,1.0,0.026166,
2018-09-25,35.65,50358.3,1.0,1.0,-0.01641,
2018-09-26,36.43,50358.3,1.0,1.0,0.022034,
2018-09-27,37.0,50358.3,1.0,1.0,0.015533,
2018-09-28,34.58,50358.3,1.0,1.0,-0.065312,
2018-10-01,35.22,50358.3,1.0,1.0,0.018436,
2018-10-02,34.82,50358.3,1.0,1.0,-0.011261,
2018-10-03,34.06,50358.3,1.0,1.0,-0.021985,
2018-10-04,33.34,50358.3,1.0,1.0,-0.02098,
2018-10-05,33.2,50358.3,1.0,1.0,-0.004197,
2018-10-08,33.55,50358.3,1.0,1.0,0.010621,
2018-10-09,32.44,50358.3,1.0,1.0,-0.033176,
2018-10-10,32.56,50358.3,1.0,1.0,0.003605,
2018-10-11,32.98,50358.3,1.0,1.0,0.01297,
2018-10-12,34.46,50358.3,1.0,1.0,0.044707,
2018-10-15,33.54,50358.3,1.0,1.0,-0.02645,
2018-10-16,33.23,50358.3,1.0,1.0,-0.009309,
2018-10-17,33.41,50358.3,1.0,1.0,0.005337,
2018-10-18,34.31,50358.3,1.0,1.0,0.026942,
2018-10-19,34.03,50358.3,1.0,1.0,-0.008228,
2018-10-22,34.99,50358.3,1.0,1.0,0.028206,
2018-10-23,33.36,50358.3,1.0,1.0,-0.046359,
2018-10-24,32.34,50358.3,1.0,1.0,-0.03057,
2018-10-25,32.59,50358.3,1.0,1.0,0.007438,
2018-10-26,31.47,50358.3,1.0,1.0,-0.034228,
2018-10-29,30.57,50358.3,1.0,1.0,-0.028733,
2018-10-30,30.15,50358.3,1.0,1.0,-0.013537,
2018-10-31,30.69,50358.3,1.0,1.0,0.017715,
2018-11-01,29.29,50358.3,1.0,1.0,-0.045411,
2018-11-02,29.38,50358.3,1.0,1.0,0.003134,
2018-11-05,30.09,50358.3,1.0,1.0,0.024125,
2018-11-06,29.92,50358.3,1.0,1.0,-0.005623,
2018-11-07,29.63,50358.3,1.0,1.0,-0.009765,
2018-11-08,29.89,50358.3,1.0,1.0,0.008724,
2018-11-09,29.72,50358.3,1.0,1.0,-0.005556,
2018-11-12,30.7,50358.3,1.0,1.0,0.032953,
2018-11-13,29.87,50358.3,1.0,1.0,-0.027262,
2018-11-14,29.8,50358.3,1.0,1.0,-0.002197,
2018-11-15,29.92,50358.3,1.0,1.0,0.003987,
2018-11-16,29.62,50358.3,1.0,1.0,-0.009994,
2018-11-19,27.62,50358.3,1.0,1.0,-0.067502,
2018-11-20,27.49,50358.3,1.0,1.0,-0.00481,
2018-11-21,28.06,50358.3,1.0,1.0,0.020865,
2018-11-22,28.56,50358.3,1.0,1.0,0.017878,
2018-11-23,28.78,50358.3,1.0,1.0,0.007586,
2018-11-26,28.0,50358.3,1.0,1.0,-0.026945,
2018-11-27,28.24,50358.3,1.0,1.0,0.008567,
2018-11-28,27.83,50358.3,1.0,1.0,-0.014617,
2018-11-29,28.04,50358.3,1.0,1.0,0.007555,
2018-11-30,28.1,50358.3,1.0,1.0,0.00196,
2018-12-03,27.42,50358.3,1.0,1.0,-0.024103,
2018-12-04,26.81,50358.3,1.0,1.0,-0.022135,
2018-12-05,27.02,50358.3,1.0,1.0,0.007592,
2018-12-06,26.85,50358.3,1.0,1.0,-0.006248,
2018-12-07,26.29,50358.3,1.0,1.0,-0.02091,
2018-12-10,25.69,50358.3,1.0,1.0,-0.022848,
2018-12-11,25.47,50358.3,1.0,1.0,-0.008219,
2018-12-12,26.43,50358.3,1.0,1.0,0.037367,
2018-12-13,26.07,50358.3,1.0,1.0,-0.013496,
2018-12-14,26.04,50358.3,1.0,1.0,-0.001295,
2018-12-17,26.07,50358.3,1.0,1.0,0.001482,
2018-12-18,25.35,50358.3,1.0,1.0,-0.02772,
2018-12-19,24.28,50358.3,1.0,1.0,-0.042355,
2018-12-20,23.66,50358.3,1.0,1.0,-0.02528,
2018-12-21,23.78,50358.3,1.0,1.0,0.004985,
2018-12-24,23.81,50358.3,1.0,1.0,0.001138,
2018-12-25,24.19,50358.3,1.0,1.0,0.01603,
2018-12-26,24.22,50358.3,1.0,1.0,0.001364,
2018-12-27,24.14,50358.3,1.0,1.0,-0.003583,
2018-12-28,23.77,50358.3,1.0,1.0,-0.01534,
2018-12-31,24.25,50358.3,1.0,1.0,0.020484,
2019-01-01,23.7,50358.3,1.0,1.0,-0.022762,
2019-01-02,23.06,50358.3,1.0,1.0,-0.027238,
2019-01-03,23.35,50358.3,1.0,1.0,0.012734,
2019-01-04,22.59,50358.3,1.0,1.0,-0.032426,
2019-01-07,23.92,50358.3,1.0,1.0,0.058668,
2019-01-08,23.94,50358.3,1.0,1.0,0.000962,
2019-01-09,24.12,50358.3,1.0,1.0,0.00742,
2019-01-10,23.63,50358.3,1.0,1.0,-0.02016,
2019-01-11,23.43,50358.3,1.0,1.0,-0.008491,
2019-01-14,23.17,50358.3,1.0,1.0,-0.011142,
2019-01-15,22.85,50358.3,1.0,1.0,-0.01387,
2019-01-16,23.18,50358.3,1.0,1.0,0.014338,
2019-01-17,22.91,50358.3,1.0,1.0,-0.011683,
2019-01-18,23.45,50358.3,1.0,1.0,0.023745,
2019-01-21,24.97,50358.3,1.0,1.0,0.064999,
2019-01-22,24.77,50358.3,1.0,1.0,-0.008022,
2019-01-23,24.84,50358.3,1.0,1.0,0.002701,
2019-01-24,25.04,50358.3,1.0,1.0,0.008184,
2019-01-25,26.13,50358.3,1.0,1.0,0.043446,
2019-01-28,26.06,50358.3,1.0,1.0,-0.002939,
2019-01-29,25.52,50358.3,1.0,1.0,-0.020645,
2019-01-30,24.73,50358.3,1.0,1.0,-0.030873,
2019-01-31,24.67,50358.3,1.0,1.0,-0.002348,
2019-02-01,24.38,50358.3,1.0,1.0,-0.011655,
2019-02-04,25.57,50358.3,1.0,1.0,0.04843,
2019-02-05,26.65,50358.3,1.0,1.0,0.042403,
2019-02-06,25.97,50358.3,1.0,1.0,-0.025461,
2019-02-07,25.51,50358.3,1.0,1.0,-0.017861,
2019-02-08,25.53,50358.3,1.0,1.0,0.000812,
2019-02-11,26.37,50358.3,1.0,1.0,0.03312,
2019-02-12,26.38,50358.3,1.0,1.0,0.00041,
2019-02-13,25.95,50358.3,1.0,1.0,-0.016362,
2019-02-14,25.89,50358.3,1.0,1.0,-0.00237,
2019-02-15,25.48,50358.3,1.0,1.0,-0.015919,
2019-02-18,25.83,50358.3,1.0,1.0,0.013596,
2019-02-19,25.36,50358.3,1.0,1.0,-0.01782,
2019-02-20,25.03,50358.3,1.0,1.0,-0.013126,
2019-02-21,25.72,50358.3,1.0,1.0,0.027301,
2019-02-22,25.22,50358.3,1.0,1.0,-0.019218,
2019-02-25,24.34,50358.3,1.0,1.0,-0.035047,
2019-02-26,24.37,50358.3,1.0,1.0,0.001322,
2019-02-27,24.14,50358.3,1.0,1.0,-0.009567,
2019-02-28,24.41,50358.3,1.0,1.0,0.011382,
2019-03-01,24.57,50358.3,1.0,1.0,0.006684,
2019-03-04,24.53,50358.3,1.0,1.0,-0.001724,
2019-03-05,24.47,50358.3,1.0,1.0,-0.002422,
2019-03-06,24.02,50358.3,1.0,1.0,-0.018452,
2019-03-07,24.05,50358.3,1.0,1.0,0.001042,
2019-03-08,24.54,50358.3,1.0,1.0,0.020403,
2019-03-11,23.95,50358.3,1.0,1.0,-0.024035,
2019-03-12,23.92,50358.3,1.0,1.0,-0.001088,
2019-03-13,24.5,50358.3,1.0,1.0,0.024258,
2019-03-14,24.78,50358.3,1.0,1.0,0.011237,
2019-03-15,25.54,50358.3,1.0,1.0,0.030946,
2019-03-18,25.17,50358.3,1.0,1.0,-0.014492,
2019-03-19,24.07,50358.3,1.0,1.0,-0.043916,
2019-03-20,24.16,50358.3,1.0,1.0,0.003865,
2019-03-21,24.35,50358.3,1.0,1.0,0.007775,
2019-03-22,25.14,50358.3,1.0,1.0,0.032406,
2019-03-25,25.84,50358.3,1.0,1.0,0.027947,
2019-03-26,26.15,50358.3,1.0,1.0,0.011997,
2019-03-27,26.61,50358.3,1.0,1.0,0.017568,
2019-03-28,26.46,50358.3,1.0,1.0,-0.005549,
2019-03-29,25.67,50358.3,1.0,1.0,-0.029773,
2019-04-01,25.72,50358.3,1.0,1.0,0.001869,
2019-04-02,26.31,50358.3,1.0,1.0,0.022887,
2019-04-03,26.7,50358.3,1.0,1.0,0.014908,
2019-04-04,27.22,50358.3,1.0,1.0,0.01924,
2019-04-05,26.91,50358.3,1.0,1.0,-0.011165,
2019-04-08,26.72,50358.3,1.0,1.0,-0.007307,
2019-04-09,27.0,50358.3,1.0,1.0,0.010703,
2019-04-10,26.62,50358.3,1.0,1.0,-0.01398,
2019-04-11,26.27,50358.3,1.0,1.0,-0.013251,
2019-04-12,26.43,50358.3,1.0,1.0,0.006214,
2019-04-15,26.9,50358.3,1.0,1.0,0.017458,
2019-04-16,26.74,50358.3,1.0,1.0,-0.005733,
2019-04-17,25.98,50358.3,1.0,1.0,-0.02847,
2019-04-18,25.5,50358.3,1.0,1.0,-0.018451,
2019-04-19,25.6,50358.3,1.0,1.0,0.003938,
2019-04-22,25.69,50358.3,1.0,1.0,0.003645,
2019-04-23,25.82,50358.3,1.0,1.0,0.004844,
2019-04-24,26.12,50358.3,1.0,1.0,0.011622,
2019-04-25,26.1,50358.3,1.0,1.0,-0.000819,
2019-04-26,26.24,50358.3,1.0,1.0,0.005418,
2019-04-29,26.19,50358.3,1.0,1.0,-0.002038,
2019-04-30,26.89,50358.3,1.0,1.0,0.026975,
2019-05-01,27.81,50358.3,1.0,1.0,0.033991,
2019-05-02,27.0,50358.3,1.0,1.0,-0.029072,
2019-05-03,26.81,50358.3,1.0,1.0,-0.007062,
2019-05-06,26.8,50358.3,1.0,1.0,-0.000174,
2019-05-07,26.61,50358.3,1.0,1.0,-0.00734,
2019-05-08,27.75,50358.3,1.0,1.0,0.04298,
2019-05-09,27.87,50358.3,1.0,1.0,0.004427,
2019-05-10,27.31,50358.3,1.0,1.0,-0.020089,
2019-05-13,27.68,50358.3,1.0,1.0,0.013449,
2019-05-14,27.83,50358.3,1.0,1.0,0.005561,
2019-05-15,28.01,50358.3,1.0,1.0,0.006364,
2019-05-16,29.23,50358.3,1.0,1.0,0.043355,
2019-05-17,29.44,50358.3,1.0,1.0,0.00749,
2019-05-20,29.2,50358.3,1.0,1.0,-0.008215,
2019-05-21,27.84,50358.3,1.0,1.0,-0.046769,
2019-05-22,27.7,50358.3,1.0,1.0,-0.004918,
2019-05-23,28.55,50358.3,1.0,1.0,0.030859,
2019-05-24,28.46,50358.3,1.0,1.0,-0.003143,
2019-05-27,26.95,50358.3,1.0,1.0,-0.053264,
2019-05-28,26.6,50358.3,1.0,1.0,-0.01284,
2019-05-29,27.22,50358.3,1.0,1.0,0.023135,
2019-05-30,27.55,50358.3,1.0,1.0,0.012218,
2019-05-31,26.97,50358.3,1.0,1.0,-0.0209,
2019-06-03,26.59,50358.3,1.0,1.0,-0.014425,
2019-06-04,26.3,50358.3,1.0,1.0,-0.01076,
2019-06-05,25.86,50358.3,1.0,1.0,-0.016727,
2019-06-06,24.61,50358.3,1.0,1.0,-0.04847,
2019-06-07,25.04,50358.3,1.0,1.0,0.017524,
2019-06-10,25.78,50358.3,1.0,1.0,0.029649,
2019-06-11,24.83,50358.3,1.0,1.0,-0.03672,
2019-06-12,25.56,50358.3,1.0,1.0,0.029323,
2019-06-13,25.47,50358.3,1.0,1.0,-0.003427,
2019-06-14,26.21,50358.3,1.0,1.0,0.02886,
2019-06-17,26.21,50358.3,1.0,1.0,-4.8e-05,
2019-06-18,26.27,50358.3,1.0,1.0,0.002297,
2019-06-19,26.48,50358.3,1.0,1.0,0.008014,
2019-06-20,25.96,50358.3,1.0,1.0,-0.019729,
2019-06-21,26.69,50358.3,1.0,1.0,0.028108,
2019-06-24,25.95,50358.3,1.0,1.0,-0.027494,
2019-06-25,25.68,50358.3,1.0,1.0,-0.010555,
2019-06-26,25.98,50358.3,1.0,1.0,0.011694,
2019-06-27,25.64,50358.3,1.0,1.0,-0.013097,
2019-06-28,26.1,50358.3,1.0,1.0,0.017864,
2019-07-01,26.95,50358.3,1.0,1.0,0.03259,
2019-07-02,27.58,50358.3,1.0,1.0,0.023623,
2019-07-03,26.31,50358.3,1.0,1.0,-0.046331,
2019-07-04,26.36,50358.3,1.0,1.0,0.002064,
2019-07-05,26.99,50358.3,1.0,1.0,0.02402,
2019-07-08,26.13,50358.3,1.0,1.0,-0.032045,
2019-07-09,26.56,50358.3,1.0,1.0,0.016547,
2019-07-10,26.96,50358.3,1.0,1.0,0.015178,
2019-07-11,26.16,50358.3,1.0,1.0,-0.02961,
2019-07-12,26.67,50358.3,1.0,1.0,0.019251,
2019-07-15,26.82,50358.3,1.0,1.0,0.005603,
2019-07-16,27.21,50358.3,1.0,1.0,0.014762,
2019-07-17,26.56,50358.3,1.0,1.0,-0.023867,
2019-07-18,26.63,50358.3,1.0,1.0,0.002649,
2019-07-19,25.54,50358.3,1.0,1.0,-0.041022,
2019-07-22,24.16,50358.3,1.0,1.0,-0.054103,
2019-07-23,24.22,50358.3,1.0,1.0,0.002425,
2019-07-24,24.84,50358.3,1.0,1.0,0.025789,
2019-07-25,24.97,50358.3,1.0,1.0,0.005126,
2019-07-26,24.91,50358.3,1.0,1.0,-0.002479,
2019-07-29,24.77,50358.3,1.0,1.0,-0.005446,
2019-07-30,24.2,50358.3,1.0,1.0,-0.023311,
2019-07-31,24.04,50358.3,1.0,1.0,-0.006266,
2019-08-01,24.27,50358.3,1.0,1.0,0.009206,
2019-08-02,23.99,50358.3,1.0,1.0,-0.011342,
2019-08-05,24.4,50358.3,1.0,1.0,0.017206,
2019-08-06,24.49,50358.3,1.0,1.0,0.003752,
2019-08-07,24.66,50358.3,1.0,1.0,0.006673,
2019-08-08,25.17,50358.3,1.0,1.0,0.020583,
2019-08-09,24.83,50358.3,1.0,1.0,-0.013513,
2019-08-12,25.2,50358.3,1.0,1.0,0.014981,
2019-08-13,24.94,50358.3,1.0,1.0,-0.010185,
2019-08-14,25.12,50358.3,1.0,1.0,0.007217,
2019-08-15,24.71,50358.3,1.0,1.0,-0.016327,
2019-08-16,24.15,50358.3,1.0,1.0,-0.022563,
2019-08-19,24.18,50358.3,1.0,1.0,0.001247,
2019-08-20,23.09,50358.3,1.0,1.0,-0.045164,
2019-08-21,22.91,50358.3,1.0,1.0,-0.008039,
2019-08-22,22.02,50358.3,1.0,1.0,-0.038752,
2019-08-23,22.41,50358.3,1.0,1.0,0.017906,
2019-08-26,22.96,50358.3,1.0,1.0,0.024547,
2019-08-27,22.47,50358.3,1.0,1.0,-0.021466,
2019-08-28,22.68,50358.3,1.0,1.0,0.009367,
2019-08-29,23.15,50358.3,1.0,1.0,0.02084,
2019-08-30,23.64,50358.3,1.0,1.0,0.020922,
2019-09-02,23.74,50358.3,1.0,1.0,0.004198,
2019-09-03,24.13,50358.3,1.0,1.0,0.016808,
2019-09-04,23.74,50358.3,1.0,1.0,-0.016411,
2019-09-05,23.76,50358.3,1.0,1.0,0.001037,
2019-09-06,23.48,50358.3,1.0,1.0,-0.012099,
2019-09-09,23.04,50358.3,1.0,1.0,-0.018403,
2019-09-10,23.04,50358.3,1.0,1.0,-9.3e-05,
2019-09-11,23.21,50358.3,1.0,1.0,0.007411,
2019-09-12,23.85,50358.3,1.0,1.0,0.027339,
2019-09-13,23.98,50358.3,1.0,1.0,0.005421,
2019-09-16,24.33,50358.3,1.0,1.0,0.014556,
2019-09-17,24.69,50358.3,1.0,1.0,0.014833,
2019-09-18,26.31,50358.3,1.0,1.0,0.065622,
2019-09-19,25.16,50358.3,1.0,1.0,-0.04344,
2019-09-20,24.73,50358.3,1.0,1.0,-0.017322,
2019-09-23,25.59,50358.3,1.0,1.0,0.035027,
2019-09-24,25.35,50358.3,1.0,1.0,-0.009366,
2019-09-25,25.87,50358.3,1.0,1.0,0.020513,
2019-09-26,25.99,50358.3,1.0,1.0,0.004573,
2019-09-27,27.31,50358.3,1.0,1.0,0.050829,
2019-09-30,26.57,50358.3,1.0,1.0,-0.0273,
2019-10-01,27.33,50358.3,1.0,1.0,0.028778,
2019-10-02,28.48,50358.3,1.0,1.0,0.041896,
2019-10-03,27.77,50358.3,1.0,1.0,-0.024994,
2019-10-04,28.27,50358.3,1.0,1.0,0.017995,
2019-10-07,27.59,50358.3,1.0,1.0,-0.023848,
2019-10-08,27.58,50358.3,1.0,1.0,-0.000235,
2019-10-09,27.39,50358.3,1.0,1.0,-0.007094,
2019-10-10,25.83,50358.3,1.0,1.0,-0.056954,
2019-10-11,26.07,50358.3,1.0,1.0,0.009268,
2019-10-14,26.13,50358.3,1.0,1.0,0.002485,
2019-10-15,27.05,50358.3,1.0,1.0,0.035152,
2019-10-16,27.43,50358.3,1.0,1.0,0.013807,
2019-10-17,28.95,50358.3,1.0,1.0,0.055523,
2019-10-18,28.99,50358.3,1.0,1.0,0.001612,
2019-10-21,28.89,50358.3,1.0,1.0,-0.003486,
2019-10-22,28.74,50358.3,1.0,1.0,-0.00537,
2019-10-23,28.41,50358.3,1.0,1.0,-0.011446,
2019-10-24,26.92,50358.3,1.0,1.0,-0.052529,
2019-10-25,26.75,50358.3,1.0,1.0,-0.006226,
2019-10-28,25.43,50358.3,1.0,1.0,-0.049342,
2019-10-29,25.68,50358.3,1.0,1.0,0.009942,
2019-10-30,24.91,50358.3,1.0,1.0,-0.030261,
2019-10-31,24.35,50358.3,1.0,1.0,-0.022179,
2019-11-01,23.94,50358.3,1.0,1.0,-0.016885,
2019-11-04,23.8,50358.3,1.0,1.0,-0.005862,
2019-11-05,23.78,50358.3,1.0,1.0,-0.000794,
2019-11-06,24.39,50358.3,1.0,1.0,0.025392,
2019-11-07,24.03,50358.3,1.0,1.0,-0.014714,
2019-11-08,24.28,50358.3,1.0,1.0,0.010623,
2019-11-11,25.9,50358.3,1.0,1.0,0.066731,
2019-11-12,26.11,50358.3,1.0,1.0,0.008133,
2019-11-13,25.98,50358.3,1.0,1.0,-0.005278,
2019-11-14,25.47,50358.3,1.0,1.0,-0.019472,
2019-11-15,25.33,50358.3,1.0,1.0,-0.005609,
2019-11-18,24.77,50358.3,1.0,1.0,-0.021989,
2019-11-19,24.91,50358.3,1.0,1.0,0.005505,
2019-11-20,24.94,50358.3,1.0,1.0,0.001528,
2019-11-21,23.66,50358.3,1.0,1.0,-0.051493,
2019-11-22,23.63,50358.3,1.0,1.0,-0.001404,
2019-11-25,24.22,50358.3,1.0,1.0,0.025187,
2019-11-26,23.97,50358.3,1.0,1.0,-0.010485,
2019-11-27,23.57,50358.3,1.0,1.0,-0.016495,
2019-11-28,22.78,50358.3,1.0,1.0,-0.03346,
2019-11-29,21.77,50358.3,1.0,1.0,-0.04454,
2019-12-02,22.19,50358.3,1.0,1.0,0.01918,
2019-12-03,22.07,50358.3,1.0,1.0,-0.005302,
2019-12-04,22.46,50358.3,1.0,1.0,0.01773,
2019-12-05,23.28,50358.3,1.0,1.0,0.036451,
2019-12-06,23.78,50358.3,1.0,1.0,0.021382,
2019-12-09,23.45,50358.3,1.0,1.0,-0.013882,
2019-12-10,23.51,50358.3,1.0,1.0,0.002522,
2019-12-11,23.14,50358.3,1.0,1.0,-0.015595,
2019-12-12,22.73,50358.3,1.0,1.0,-0.017802,
2019-12-13,22.89,50358.3,1.0,1.0,0.007297,
2019-12-16,22.42,50358.3,1.0,1.0,-0.020722,
2019-12-17,21.24,50358.3,1.0,1.0,-0.052561,
2019-12-18,20.77,50358.3,1.0,1.0,-0.022034,
2019-12-19,20.6,50358.3,1.0,1.0,-0.008292,
2019-12-20,21.35,50358.3,1.0,1.0,0.036204,
2019-12-23,21.08,50358.3,1.0,1.0,-0.012664,
2019-12-24,21.32,50358.3,1.0,1.0,0.011395,
2019-12-25,21.21,50358.3,1.0,1.0,-0.004987,
2019-12-26,21.82,50358.3,1.0,1.0,0.028892,
2019-12-27,22.42,50358.3,1.0,1.0,0.027181,
2019-12-30,23.04,50358.3,1.0,1.0,0.027652,
2019-12-31,22.08,50358.3,1.0,1.0,-0.041692,
2020-01-01,22.16,50358.3,1.0,1.0,0.004012,
2020-01-02,22.55,50358.3,1.0,1.0,0.01741,
2020-01-03,22.74,50358.3,1.0,1.0,0.008234,
2020-01-06,23.06,50358.3,1.0,1.0,0.014426,
2020-01-07,23.07,50358.3,1.0,1.0,0.000442,
2020-01-08,22.64,50358.3,1.0,1.0,-0.018662,
2020-01-09,21.72,50358.3,1.0,1.0,-0.040843,
2020-01-10,21.36,50358.3,1.0,1.0,-0.016322,
2020-01-13,22.76,50358.3,1.0,1.0,0.065381,
2020-01-14,22.47,50358.3,1.0,1.0,-0.012539,
2020-01-15,21.42,50358.3,1.0,1.0,-0.046863,
2020-01-16,21.78,50358.3,1.0,1.0,0.016768,
2020-01-17,22.21,50358.3,1.0,1.0,0.01977,
2020-01-20,22.89,50358.3,1.0,1.0,0.030398,
2020-01-21,23.12,50358.3,1.0,1.0,0.010401,
2020-01-22,23.58,50358.3,1.0,1.0,0.019529,
2020-01-23,24.62,50358.3,1.0,1.0,0.044165,
2020-01-24,24.16,50358.3,1.0,1.0,-0.018679,
2020-01-27,23.59,50358.3,1.0,1.0,-0.023341,
2020-01-28,22.96,50358.3,1.0,1.0,-0.026869,
2020-01-29,22.79,50358.3,1.0,1.0,-0.007312,
2020-01-30,23.57,50358.3,1.0,1.0,0.034018,
2020-01-31,23.85,50358.3,1.0,1.0,0.011787,
2020-02-03,24.1,50358.3,1.0,1.0,0.010831,
2020-02-04,23.05,50358.3,1.0,1.0,-0.043653,
2020-02-05,22.65,50358.3,1.0,1.0,-0.017446,
2020-02-06,21.65,50358.3,1.0,1.0,-0.044028,
2020-02-07,22.25,50358.3,1.0,1.0,0.02753,
2020-02-10,23.09,50358.3,1.0,1.0,0.037803,
2020-02-11,23.5,50358.3,1.0,1.0,0.017914,
2020-02-12,22.93,50358.3,1.0,1.0,-0.024347,
2020-02-13,23.74,50358.3,1.0,1.0,0.035225,
2020-02-14,23.57,50358.3,1.0,1.0,-0.007014,
2020-02-17,22.87,50358.3,1.0,1.0,-0.029665,
2020-02-18,22.33,50358.3,1.0,1.0,-0.023823,
2020-02-19,22.08,50358.3,1.0,1.0,-0.011222,
2020-02-20,22.08,50358.3,1.0,1.0,0.000231,
2020-02-21,21.98,50358.3,1.0,1.0,-0.004821,
2020-02-24,21.22,50358.3,1.0,1.0,-0.034271,
2020-02-25,21.83,50358.3,1.0,1.0,0.028569,
2020-02-26,21.73,50358.3,1.0,1.0,-0.004564,
2020-02-27,21.34,50358.3,1.0,1.0,-0.017931,
2020-02-28,21.89,50358.3,1.0,1.0,0.026028,
2020-03-02,21.26,50358.3,1.0,1.0,-0.028941,
2020-03-03,20.43,50358.3,1.0,1.0,-0.039271,
2020-03-04,21.04,50358.3,1.0,1.0,0.030031,
2020-03-05,22.0,50358.3,1.0,1.0,0.045449,
2020-03-06,21.73,50358.3,1.0,1.0,-0.01198,
2020-03-09,21.69,50358.3,1.0,1.0,-0.002061,
2020-03-10,21.08,50358.3,1.0,1.0,-0.028085,
2020-03-11,21.06,50358.3,1.0,1.0,-0.000827,
2020-03-12,20.8,50358.3,1.0,1.0,-0.012303,
2020-03-13,20.73,50358.3,1.0,1.0,-0.003405,
2020-03-16,20.92,50358.3,1.0,1.0,0.008905,
2020-03-17,20.35,50358.3,1.0,1.0,-0.026952,
2020-03-18,20.16,50358.3,1.0,1.0,-0.009599,
2020-03-19,19.28,50358.3,1.0,1.0,-0.043296,
2020-03-20,19.1,50358.3,1.0,1.0,-0.009436,
2020-03-23,19.04,50358.3,1.0,1.0,-0.003197,
2020-03-24,19.13,50358.3,1.0,1.0,0.004548,
2020-03-25,19.22,50358.3,1.0,1.0,0.004804,
2020-03-26,19.62,50358.3,1.0,1.0,0.020957,
2020-03-27,18.89,50358.3,1.0,1.0,-0.037211,
2020-03-30,18.21,50358.3,1.0,1.0,-0.035976,
2020-03-31,18.43,50358.3,1.0,1.0,0.011808,
2020-04-01,17.53,50358.3,1.0,1.0,-0.048682,
2020-04-02,17.59,50358.3,1.0,1.0,0.003447,
2020-04-03,17.08,50358.3,1.0,1.0,-0.028869,
2020-04-06,17.72,50358.3,1.0,1.0,0.037484,
2020-04-07,17.81,50358.3,1.0,1.0,0.005066,
2020-04-08,17.7,50358.3,1.0,1.0,-0.006201,
2020-04-09,18.21,50358.3,1.0,1.0,0.028924,
2020-04-10,17.74,50358.3,1.0,1.0,-0.02614,
2020-04-13,17.35,50358.3,1.0,1.0,-0.021688,
2020-04-14,16.82,50358.3,1.0,1.0,-0.030759,
2020-04-15,16.46,50358.3,1.0,1.0,-0.021491,
2020-04-16,16.47,50358.3,1.0,1.0,0.000508,
2020-04-17,16.65,50358.3,1.0,1.0,0.010958,
2020-04-20,17.02,50358.3,1.0,1.0,0.022368,
2020-04-21,16.27,50358.3,1.0,1.0,-0.043777,
2020-04-22,16.19,50358.3,1.0,1.0,-0.005072,
2020-04-23,15.75,50358.3,1.0,1.0,-0.027186,
2020-04-24,15.66,50358.3,1.0,1.0,-0.00587,
2020-04-27,16.55,50358.3,1.0,1.0,0.05662,
2020-04-28,16.65,50358.3,1.0,1.0,0.006066,
2020-04-29,16.99,50358.3,1.0,1.0,0.020848,
2020-04-30,17.8,50358.3,1.0,1.0,0.047189,
2020-05-01,18.27,50358.3,1.0,1.0,0.026448,
2020-05-04,18.05,50358.3,1.0,1.0,-0.011644,
2020-05-05,17.49,50358.3,1.0,1.0,-0.031094,
2020-05-06,17.46,50358.3,1.0,1.0,-0.001681,
2020-05-07,17.21,50358.3,1.0,1.0,-0.014482,
2020-05-08,16.58,50358.3,1.0,1.0,-0.036861,
2020-05-11,16.66,50358.3,1.0,1.0,0.004836,
2020-05-12,16.75,50358.3,1.0,1.0,0.005439,
2020-05-13,17.46,50358.3,1.0,1.0,0.042384,
2020-05-14,17.29,50358.3,1.0,1.0,-0.009597,
2020-05-15,17.39,50358.3,1.0,1.0,0.005782,
2020-05-18,17.1,50358.3,1.0,1.0,-0.016792,
2020-05-19,17.44,50358.3,1.0,1.0,0.020204,
2020-05-20,17.37,50358.3,1.0,1.0,-0.003943,
2020-05-21,16.87,50358.3,1.0,1.0,-0.028689,
2020-05-22,16.85,50358.3,1.0,1.0,-0.001282,
2020-05-25,17.0,50358.3,1.0,1.0,0.008451,
2020-05-26,17.08,50358.3,1.0,1.0,0.005182,
2020-05-27,17.5,50358.3,1.0,1.0,0.024443,
2020-05-28,16.89,50358.3,1.0,1.0,-0.035091,
2020-05-29,16.53,50358.3,1.0,1.0,-0.020967,
2020-06-01,16.77,50358.3,1.0,1.0,0.014504,
2020-06-02,16.47,50358.3,1.0,1.0,-0.018203,
2020-06-03,16.55,50358.3,1.0,1.0,0.004825,
2020-06-04,15.6,50358.3,1.0,1.0,-0.057339,
2020-06-05,16.63,50358.3,1.0,1.0,0.066349,
2020-06-08,16.51,50358.3,1.0,1.0,-0.007407,
2020-06-09,16.97,50358.3,1.0,1.0,0.028091,
2020-06-10,16.82,50358.3,1.0,1.0,-0.009006,
2020-06-11,16.97,50358.3,1.0,1.0,0.009037,
2020-06-12,17.57,50358.3,1.0,1.0,0.035471,
2020-06-15,18.06,50358.3,1.0,1.0,0.027396,
2020-06-16,17.95,50358.3,1.0,1.0,-0.00585,
2020-06-17,17.88,50358.3,1.0,1.0,-0.004197,
2020-06-18,18.29,50358.3,1.0,1.0,0.023402,
2020-06-19,19.33,50358.3,1.0,1.0,0.056597,
2020-06-22,19.4,50358.3,1.0,1.0,0.003664,
2020-06-23,20.31,50358.3,1.0,1.0,0.047098,
2020-06-24,20.18,50358.3,1.0,1.0,-0.006732,
2020-06-25,20.62,50358.3,1.0,1.0,0.022135,
2020-06-26,21.16,50358.3,1.0,1.0,0.025803,
2020-06-29,20.93,50358.3,1.0,1.0,-0.010743,
2020-06-30,20.54,50358.3,1.0,1.0,-0.018716,
2020-07-01,21.09,50358.3,1.0,1.0,0.026893,
2020-07-02,20.8,50358.3,1.0,1.0,-0.013626,
2020-07-03,20.34,50358.3,1.0,1.0,-0.02218,
2020-07-06,19.99,50358.3,1.0,1.0,-0.017228,
2020-07-07,19.72,50358.3,1.0,1.0,-0.013722,
2020-07-08,20.11,50358.3,1.0,1.0,0.019799,
2020-07-09,20.34,50358.3,1.0,1.0,0.01147,
2020-07-10,20.67,50358.3,1.0,1.0,0.016353,
2020-07-13,20.86,50358.3,1.0,1.0,0.009199,
2020-07-14,20.54,50358.3,1.0,1.0,-0.0151,
2020-07-15,20.87,50358.3,1.0,1.0,0.015901,
2020-07-16,21.45,50358.3,1.0,1.0,0.027807,
2020-07-17,21.73,50358.3,1.0,1.0,0.013158,
2020-07-20,21.95,50358.3,1.0,1.0,0.009884,
2020-07-21,21.53,50358.3,1.0,1.0,-0.019187,
2020-07-22,21.62,50358.3,1.0,1.0,0.004134,
2020-07-23,21.17,50358.3,1.0,1.0,-0.020438,
2020-07-24,21.14,50358.3,1.0,1.0,-0.001535,
2020-07-27,20.31,50358.3,1.0,1.0,-0.039533,
2020-07-28,19.51,50358.3,1.0,1.0,-0.039356,
2020-07-29,19.4,50358.3,1.0,1.0,-0.00553,
2020-07-30,19.13,50358.3,1.0,1.0,-0.014026,
2020-07-31,19.16,50358.3,1.0,1.0,0.001606,
2020-08-03,19.08,50358.3,1.0,1.0,-0.004186,
2020-08-04,19.07,50358.3,1.0,1.0,-0.000234,
2020-08-05,19.33,50358.3,1.0,1.0,0.013745,
2020-08-06,19.1,50358.3,1.0,1.0,-0.012008,
2020-08-07,18.98,50358.3,1.0,1.0,-0.006208,
2020-08-10,19.64,50358.3,1.0,1.0,0.034554,
2020-08-11,19.62,50358.3,1.0,1.0,-0.000885,
2020-08-12,19.52,50358.3,1.0,1.0,-0.005248,
2020-08-13,19.54,50358.3,1.0,1.0,0.001022,
2020-08-14,19.45,50358.3,1.0,1.0,-0.004821,
2020-08-17,19.1,50358.3,1.0,1.0,-0.017833,
2020-08-18,18.63,50358.3,1.0,1.0,-0.02461,
2020-08-19,18.27,50358.3,1.0,1.0,-0.019102,
2020-08-20,18.64,50358.3,1.0,1.0,0.020198,
2020-08-21,18.34,50358.3,1.0,1.0,-0.015952,
2020-08-24,18.26,50358.3,1.0,1.0,-0.004667,
2020-08-25,18.55,50358.3,1.0,1.0,0.015989,
2020-08-26,18.41,50358.3,1.0,1.0,-0.007613,
2020-08-27,18.67,50358.3,1.0,1.0,0.014347,
2020-08-28,17.98,50358.3,1.0,1.0,-0.037237,
2020-08-31,17.9,50358.3,1.0,1.0,-0.004132,
2020-09-01,17.92,50358.3,1.0,1.0,0.000935,
2020-09-02,17.91,50358.3,1.0,1.0,-0.000404,
2020-09-03,17.2,50358.3,1.0,1.0,-0.039825,
2020-09-04,17.69,50358.3,1.0,1.0,0.028317,
2020-09-07,17.31,50358.3,1.0,1.0,-0.021248,
2020-09-08,17.43,50358.3,1.0,1.0,0.007109,
2020-09-09,17.42,50358.3,1.0,1.0,-0.000768,
2020-09-10,17.83,50358.3,1.0,1.0,0.023406,
2020-09-11,18.77,50358.3,1.0,1.0,0.052907,
2020-09-14,18.18,50358.3,1.0,1.0,-0.031432,
2020-09-15,17.88,50358.3,1.0,1.0,-0.016401,
2020-09-16,17.95,50358.3,1.0,1.0,0.003587,
2020-09-17,17.46,50358.3,1.0,1.0,-0.02712,
2020-09-18,17.78,50358.3,1.0,1.0,0.017978,
2020-09-21,18.12,50358.3,1.0,1.0,0.019474,
2020-09-22,18.35,50358.3,1.0,1.0,0.012549,
2020-09-23,18.44,50358.3,1.0,1.0,0.004731,
2020-09-24,19.03,50358.3,1.0,1.0,0.032438,
2020-09-25,18.5,50358.3,1.0,1.0,-0.028294,
2020-09-28,18.51,50358.3,1.0,1.0,0.000608,
2020-09-29,18.16,50358.3,1.0,1.0,-0.018521,
2020-09-30,18.54,50358.3,1.0,1.0,0.020614,
2020-10-01,17.72,50358.3,1.0,1.0,-0.043975,
2020-10-02,17.69,50358.3,1.0,1.0,-0.001632,
2020-10-05,17.82,50358.3,1.0,1.0,0.007114,
2020-10-06,17.4,50358.3,1.0,1.0,-0.023426,
2020-10-07,17.13,50358.3,1.0,1.0,-0.015865,
2020-10-08,17.12,50358.3,1.0,1.0,-0.00059,
2020-10-09,17.5,50358.3,1.0,1.0,0.022212,
2020-10-12,17.05,50358.3,1.0,1.0,-0.025426,
2020-10-13,16.69,50358.3,1.0,1.0,-0.021337,
2020-10-14,17.13,50358.3,1.0,1.0,0.026405,
2020-10-15,17.0,50358.3,1.0,1.0,-0.007484,
2020-10-16,16.67,50358.3,1.0,1.0,-0.019434,
2020-10-19,16.95,50358.3,1.0,1.0,0.016671,
2020-10-20,16.73,50358.3,1.0,1.0,-0.012599,
2020-10-21,17.14,50358.3,1.0,1.0,0.023989,
2020-10-22,16.85,50358.3,1.0,1.0,-0.016751,
2020-10-23,16.77,50358.3,1.0,1.0,-0.004779,
2020-10-26,17.14,50358.3,1.0,1.0,0.021964,
2020-10-27,17.03,50358.3,1.0,1.0,-0.006371,
2020-10-28,17.32,50358.3,1.0,1.0,0.01734,
2020-10-29,17.28,50358.3,1.0,1.0,-0.00253,
2020-10-30,18.1,50358.3,1.0,1.0,0.047718,
2020-11-02,18.78,50358.3,1.0,1.0,0.037383,
2020-11-03,18.17,50358.3,1.0,1.0,-0.032308,
2020-11-04,18.38,50358.3,1.0,1.0,0.011645,
2020-11-05,18.01,50358.3,1.0,1.0,-0.020348,
2020-11-06,18.08,50358.3,1.0,1.0,0.003645,
2020-11-09,18.09,50358.3,1.0,1.0,0.000682,
2020-11-10,17.62,50358.3,1.0,1.0,-0.025952,
2020-11-11,18.06,50358.3,1.0,1.0,0.024753,
2020-11-12,18.13,50358.3,1.0,1.0,0.003929,
2020-11-13,17.99,50358.3,1.0,1.0,-0.007763,
2020-11-16,17.78,50358.3,1.0,1.0,-0.011411,
2020-11-17,17.82,50358.3,1.0,1.0,0.002399,
2020-11-18,17.98,50358.3,1.0,1.0,0.008873,
2020-11-19,17.91,50358.3,1.0,1.0,-0.003952,
2020-11-20,16.72,50358.3,1.0,1.0,-0.066634,
2020-11-23,16.71,50358.3,1.0,1.0,-0.000554,
2020-11-24,16.12,50358.3,1.0,1.0,-0.034939,
2020-11-25,16.03,50358.3,1.0,1.0,-0.005969,
2020-11-26,15.48,50358.3,1.0,1.0,-0.034083,
2020-11-27,14.95,50358.3,1.0,1.0,-0.03436,
2020-11-30,15.38,50358.3,1.0,1.0,0.029107,
2020-12-01,15.25,50358.3,1.0,1.0,-0.008606,
2020-12-02,15.09,50358.3,1.0,1.0,-0.010427,
2020-12-03,15.25,50358.3,1.0,1.0,0.010681,
2020-12-04,15.1,50358.3,1.0,1.0,-0.009807,
2020-12-07,15.87,50358.3,1.0,1.0,0.050793,
2020-12-08,15.75,50358.3,1.0,1.0,-0.007485,
2020-12-09,15.88,50358.3,1.0,1.0,0.007837,
2020-12-10,16.24,50358.3,1.0,1.0,0.022601,
2020-12-11,16.86,50358.3,1.0,1.0,0.038217,
2020-12-14,16.54,50358.3,1.0,1.0,-0.018597,
2020-12-15,16.36,50358.3,1.0,1.0,-0.010933,
2020-12-16,16.85,50358.3,1.0,1.0,0.030083,
2020-12-17,17.17,50358.3,1.0,1.0,0.018659,
2020-12-18,17.6,50358.3,1.0,1.0,0.025163,
2020-12-21,17.01,50358.3,1.0,1.0,-0.033251,
2020-12-22,17.64,50358.3,1.0,1.0,0.036866,
2020-12-23,17.31,50358.3,1.0,1.0,-0.019054,
2020-12-24,17.37,50358.3,1.0,1.0,0.003664,
2020-12-25,17.29,50358.3,1.0,1.0,-0.004507,
2020-12-28,16.91,50358.3,1.0,1.0,-0.021807,
2020-12-29,16.33,50358.3,1.0,1.0,-0.034268,
2020-12-30,15.65,50358.3,1.0,1.0,-0.041919,
2020-12-31,15.68,50358.3,1.0,1.0,0.0019,
2021-01-01,15.1,50358.3,1.0,1.0,-0.036879,
2021-01-04,14.68,50358.3,1.0,1.0,-0.027785,
2021-01-05,14.59,50358.3,1.0,1.0,-0.006174,
2021-01-06,13.68,50358.3,1.0,1.0,-0.062283,
2021-01-07,13.93,50358.3,1.0,1.0,0.0179,
2021-01-08,13.13,50358.3,1.0,1.0,-0.057116,
2021-01-11,13.09,50358.3,1.0,1.0,-0.002813,
2021-01-12,13.09,50358.3,1.0,1.0,-0.000598,
2021-01-13,13.24,50358.3,1.0,1.0,0.012029,
2021-01-14,13.22,50358.3,1.0,1.0,-0.001958,
2021-01-15,13.86,50358.3,1.0,1.0,0.048629,
2021-01-18,13.92,50358.3,1.0,1.0,0.004243,
2021-01-19,14.26,50358.3,1.0,1.0,0.024633,
2021-01-20,14.0,50358.3,1.0,1.0,-0.01816,
2021-01-21,14.03,50358.3,1.0,1.0,0.001942,
2021-01-22,14.55,50358.3,1.0,1.0,0.036855,
2021-01-25,14.45,50358.3,1.0,1.0,-0.006643,
2021-01-26,14.5,50358.3,1.0,1.0,0.003662,
2021-01-27,14.84,50358.3,1.0,1.0,0.022845,
2021-01-28,14.56,50358.3,1.0,1.0,-0.018602,
2021-01-29,13.81,50358.3,1.0,1.0,-0.051478,
2021-02-01,13.88,50358.3,1.0,1.0,0.00519,
2021-02-02,14.2,50358.3,1.0,1.0,0.023036,
2021-02-03,13.74,50358.3,1.0,1.0,-0.032851,
2021-02-04,13.94,50358.3,1.0,1.0,0.015245,
2021-02-05,14.16,50358.3,1.0,1.0,0.01541,
2021-02-08,13.39,50358.3,1.0,1.0,-0.054023,
2021-02-09,13.08,50358.3,1.0,1.0,-0.023164,
2021-02-10,12.95,50358.3,1.0,1.0,-0.010407,
2021-02-11,12.88,50358.3,1.0,1.0,-0.005257,
2021-02-12,12.64,50358.3,1.0,1.0,-0.018624,
2021-02-15,12.39,50358.3,1.0,1.0,-0.019892,
2021-02-16,12.88,50358.3,1.0,1.0,0.039944,
2021-02-17,12.84,50358.3,1.0,1.0,-0.003535,
2021-02-18,12.61,50358.3,1.0,1.0,-0.01749,
2021-02-19,12.59,50358.3,1.0,1.0,-0.001946,
2021-02-22,12.74,50358.3,1.0,1.0,0.012006,
2021-02-23,12.74,50358.3,1.0,1.0,0.00028,
2021-02-24,12.67,50358.3,1.0,1.0,-0.005881,
2021-02-25,12.46,50358.3,1.0,1.0,-0.016427,
2021-02-26,12.25,50358.3,1.0,1.0,-0.016713,
2021-03-01,12.07,50358.3,1.0,1.0,-0.015194,
2021-03-02,12.15,50358.3,1.0,1.0,0.0072,
2021-03-03,11.85,50358.3,1.0,1.0,-0.02452,
2021-03-04,11.96,50358.3,1.0,1.0,0.008518,
2021-03-05,12.36,50358.3,1.0,1.0,0.033511,
2021-03-08,12.44,50358.3,1.0,1.0,0.006883,
2021-03-09,12.32,50358.3,1.0,1.0,-0.009783,
2021-03-10,11.93,50358.3,1.0,1.0,-0.031612,
2021-03-11,12.38,50358.3,1.0,1.0,0.037616,
2021-03-12,12.02,50358.3,1.0,1.0,-0.028629,
2021-03-15,12.26,50358.3,1.0,1.0,0.019601,
2021-03-16,12.44,50358.3,1.0,1.0,0.014473,
2021-03-17,12.36,50358.3,1.0,1.0,-0.006621,
2021-03-18,12.27,50358.3,1.0,1.0,-0.007246,
2021-03-19,11.73,50358.3,1.0,1.0,-0.044029,
2021-03-22,11.81,50358.3,1.0,1.0,0.006989,
2021-03-23,11.97,50358.3,1.0,1.0,0.01402,
2021-03-24,11.65,50358.3,1.0,1.0,-0.02674,
2021-03-25,11.6,50358.3,1.0,1.0,-0.004689,
2021-03-26,11.6,50358.3,1.0,1.0,-5e-05,
2021-03-29,11.75,50358.3,1.0,1.0,0.01316,
2021-03-30,11.74,50358.3,1.0,1.0,-0.000868,
2021-03-31,11.28,50358.3,1.0,1.0,-0.039212,
2021-04-01,11.13,50358.3,1.0,1.0,-0.013588,
2021-04-02,11.18,50358.3,1.0,1.0,0.004443,
2021-04-05,11.39,50358.3,1.0,1.0,0.019429,
2021-04-06,11.22,50358.3,1.0,1.0,-0.015662,
2021-04-07,11.81,50358.3,1.0,1.0,0.052911,
2021-04-08,11.27,50358.3,1.0,1.0,-0.045377,
2021-04-09,11.11,50358.3,1.0,1.0,-0.014387,
2021-04-12,11.08,50358.3,1.0,1.0,-0.002948,
2021-04-13,11.01,50358.3,1.0,1.0,-0.005762,
2021-04-14,10.68,50358.3,1.0,1.0,-0.030077,
2021-04-15,10.79,50358.3,1.0,1.0,0.00984,
2021-04-16,10.87,50358.3,1.0,1.0,0.007981,
2021-04-19,10.88,50358.3,1.0,1.0,0.000192,
2021-04-20,10.95,50358.3,1.0,1.0,0.007032,
2021-04-21,10.83,50358.3,1.0,1.0,-0.011071,
2021-04-22,10.41,50358.3,1.0,1.0,-0.039005,
2021-04-23,10.22,50358.3,1.0,1.0,-0.017999,
2021-04-26,10.25,50358.3,1.0,1.0,0.002815,
2021-04-27,10.28,50358.3,1.0,1.0,0.002952,
2021-04-28,10.28,50358.3,1.0,1.0,3.4e-05,
2021-04-29,10.41,50358.3,1.0,1.0,0.012288,
2021-04-30,10.25,50358.3,1.0,1.0,-0.0148,
2021-05-03,10.25,50358.3,1.0,1.0,-0.000319,
2021-05-04,10.38,50358.3,1.0,1.0,0.012857,
2021-05-05,10.35,50358.3,1.0,1.0,-0.002993,
2021-05-06,10.04,50358.3,1.0,1.0,-0.030337,
2021-05-07,9.8,50358.3,1.0,1.0,-0.023754,
2021-05-10,9.99,50358.3,1.0,1.0,0.019168,
2021-05-11,10.32,50358.3,1.0,1.0,0.033002,
2021-05-12,10.6,50358.3,1.0,1.0,0.02763,
2021-05-13,10.65,50358.3,1.0,1.0,0.004625,
2021-05-14,10.34,50358.3,1.0,1.0,-0.029401,
2021-05-17,10.32,50358.3,1.0,1.0,-0.001111,
2021-05-18,10.71,50358.3,1.0,1.0,0.037221,
2021-05-19,10.86,50358.3,1.0,1.0,0.013985,
2021-05-20,10.79,50358.3,1.0,1.0,-0.005922,
2021-05-21,10.95,50358.3,1.0,1.0,0.014232,
2021-05-24,10.61,50358.3,1.0,1.0,-0.030944,
2021-05-25,10.42,50358.3,1.0,1.0,-0.017505,
2021-05-26,10.15,50358.3,1.0,1.0,-0.026626,
2021-05-27,10.25,50358.3,1.0,1.0,0.010367,
2021-05-28,10.42,50358.3,1.0,1.0,0.016316,
2021-05-31,10.37,50358.3,1.0,1.0,-0.004641,
2021-06-01,10.15,50358.3,1.0,1.0,-0.021677,
2021-06-02,10.13,50358.3,1.0,1.0,-0.001432,
2021-06-03,10.0,50358.3,1.0,1.0,-0.012561,
2021-06-04,9.8,50358.3,1.0,1.0,-0.019872,
2021-06-07,9.88,50358.3,1.0,1.0,0.007205,
2021-06-08,9.69,50358.3,1.0,1.0,-0.018974,
2021-06-09,9.32,50358.3,1.0,1.0,-0.037827,
2021-06-10,9.02,50358.3,1.0,1.0,-0.032681,
2021-06-11,8.67,50358.3,1.0,1.0,-0.03868,
2021-06-14,8.71,50358.3,1.0,1.0,0.004995,
2021-06-15,8.73,50358.3,1.0,1.0,0.002655,
2021-06-16,8.75,50358.3,1.0,1.0,0.001455,
2021-06-17,8.86,50358.3,1.0,1.0,0.013237,
2021-06-18,9.11,50358.3,1.0,1.0,0.028041,
2021-06-21,8.97,50358.3,1.0,1.0,-0.015063,
2021-06-22,9.05,50358.3,1.0,1.0,0.008838,
2021-06-23,8.71,50358.3,1.0,1.0,-0.038134,
2021-06-24,8.99,50358.3,1.0,1.0,0.032661,
2021-06-25,8.72,50358.3,1.0,1.0,-0.030372,
2021-06-28,8.56,50358.3,1.0,1.0,-0.017845,
2021-06-29,8.43,50358.3,1.0,1.0,-0.015191,
2021-06-30,8.12,50358.3,1.0,1.0,-0.036901,
2021-07-01,8.12,50358.3,1.0,1.0,-0.000177,
2021-07-02,8.16,50358.3,1.0,1.0,0.004185,
2021-07-05,8.11,50358.3,1.0,1.0,-0.005491,
2021-07-06,7.81,50358.3,1.0,1.0,-0.037224,
2021-07-07,8.18,50358.3,1.0,1.0,0.04776,
2021-07-08,8.28,50358.3,1.0,1.0,0.012301,
2021-07-09,8.81,50358.3,1.0,1.0,0.064259,
2021-07-12,8.64,50358.3,1.0,1.0,-0.020083,
2021-07-13,8.83,50358.3,1.0,1.0,0.022281,
2021-07-14,8.99,50358.3,1.0,1.0,0.017907,
2021-07-15,8.92,50358.3,1.0,1.0,-0.007903,
2021-07-16,9.22,50358.3,1.0,1.0,0.033463,
2021-07-19,9.12,50358.3,1.0,1.0,-0.010635,
2021-07-20,9.03,50358.3,1.0,1.0,-0.009577,
2021-07-21,8.3,50358.3,1.0,1.0,-0.08084,
2021-07-22,8.37,50358.3,1.0,1.0,0.008899,
2021-07-23,8.1,50358.3,1.0,1.0,-0.032248,
2021-07-26,7.99,50358.3,1.0,1.0,-0.01408,
2021-07-27,7.79,50358.3,1.0,1.0,-0.02527,
2021-07-28,7.71,50358.3,1.0,1.0,-0.009704,
2021-07-29,7.79,50358.3,1.0,1.0,0.009744,
2021-07-30,7.78,50358.3,1.0,1.0,-0.000691,
2021-08-02,7.91,50358.3,1.0,1.0,0.016207,
2021-08-03,8.14,50358.3,1.0,1.0,0.029861,
2021-08-04,8.06,50358.3,1.0,1.0,-0.009765,
2021-08-05,7.97,50358.3,1.0,1.0,-0.012371,
2021-08-06,8.14,50358.3,1.0,1.0,0.022277,
2021-08-09,8.34,50358.3,1.0,1.0,0.024225,
2021-08-10,8.48,50358.3,1.0,1.0,0.016962,
2021-08-11,8.28,50358.3,1.0,1.0,-0.023536,
2021-08-12,8.36,50358.3,1.0,1.0,0.00923,
2021-08-13,8.37,50358.3,1.0,1.0,0.00167,
2021-08-16,8.58,50358.3,1.0,1.0,0.024606,
2021-08-17,8.45,50358.3,1.0,1.0,-0.014604,
2021-08-18,8.11,50358.3,1.0,1.0,-0.040141,
2021-08-19,8.24,50358.3,1.0,1.0,0.015733,
2021-08-20,7.74,50358.3,1.0,1.0,-0.060471,
2021-08-23,7.6,50358.3,1.0,1.0,-0.01835,
2021-08-24,7.41,50358.3,1.0,1.0,-0.025199,
2021-08-25,7.22,50358.3,1.0,1.0,-0.025357,
2021-08-26,7.09,50358.3,1.0,1.0,-0.018762,
2021-08-27,7.29,50358.3,1.0,1.0,0.028669,
2021-08-30,7.43,50358.3,1.0,1.0,0.018916,
2021-08-31,7.38,50358.3,1.0,1.0,-0.006978,
2021-09-01,7.57,50358.3,1.0,1.0,0.026603,
2021-09-02,7.37,50358.3,1.0,1.0,-0.026114,
2021-09-03,7.16,50358.3,1.0,1.0,-0.029288,
2021-09-06,7.3,50358.3,1.0,1.0,0.019969,
2021-09-07,7.4,50358.3,1.0,1.0,0.01304,
2021-09-08,7.31,50358.3,1.0,1.0,-0.011937,
2021-09-09,7.1,50358.3,1.0,1.0,-0.027823,
2021-09-10,7.35,50358.3,1.0,1.0,0.034671,
2021-09-13,7.05,50358.3,1.0,1.0,-0.041372,
2021-09-14,6.94,50358.3,1.0,1.0,-0.015208,
2021-09-15,6.97,50358.3,1.0,1.0,0.004538,
2021-09-16,7.27,50358.3,1.0,1.0,0.043212,
2021-09-17,7.33,50358.3,1.0,1.0,0.008272,
2021-09-20,7.41,50358.3,1.0,1.0,0.010627,
2021-09-21,7.3,50358.3,1.0,1.0,-0.014522,
2021-09-22,7.4,50358.3,1.0,1.0,0.012769,
2021-09-23,7.41,50358.3,1.0,1.0,0.00157,
2021-09-24,7.12,50358.3,1.0,1.0,-0.038338,
2021-09-27,7.25,50358.3,1.0,1.0,0.018241,
2021-09-28,7.42,50358.3,1.0,1.0,0.022588,
2021-09-29,7.55,50358.3,1.0,1.0,0.018496,
2021-09-30,7.55,50358.3,1.0,1.0,-0.000159,
2021-10-01,7.37,50358.3,1.0,1.0,-0.02363,
2021-10-04,6.97,50358.3,1.0,1.0,-0.054834,
2021-10-05,6.99,50358.3,1.0,1.0,0.002815,
2021-10-06,7.17,50358.3,1.0,1.0,0.02533,
2021-10-07,7.33,50358.3,1.0,1.0,0.023205,
2021-10-08,7.47,50358.3,1.0,1.0,0.018806,
2021-10-11,7.45,50358.3,1.0,1.0,-0.002737,
2021-10-12,7.64,50358.3,1.0,1.0,0.025466,
2021-10-13,7.8,50358.3,1.0,1.0,0.021453,
2021-10-14,7.72,50358.3,1.0,1.0,-0.011044,
2021-10-15,7.84,50358.3,1.0,1.0,0.015401,
2021-10-18,7.73,50358.3,1.0,1.0,-0.01373,
2021-10-19,7.82,50358.3,1.0,1.0,0.012077,
2021-10-20,7.58,50358.3,1.0,1.0,-0.031635,
2021-10-21,7.35,50358.3,1.0,1.0,-0.029846,
2021-10-22,7.53,50358.3,1.0,1.0,0.024746,
2021-10-25,7.69,50358.3,1.0,1.0,0.021782,
2021-10-26,7.81,50358.3,1.0,1.0,0.014354,
2021-10-27,7.81,50358.3,1.0,1.0,0.001153,
2021-10-28,7.37,50358.3,1.0,1.0,-0.056694,
2021-10-29,7.35,50358.3,1.0,1.0,-0.002753,
2021-11-01,7.42,50358.3,1.0,1.0,0.009994,
2021-11-02,7.32,50358.3,1.0,1.0,-0.013701,
2021-11-03,7.19,50358.3,1.0,1.0,-0.017901,
2021-11-04,7.44,50358.3,1.0,1.0,0.034291,
2021-11-05,7.42,50358.3,1.0,1.0,-0.002404,
2021-11-08,7.49,50358.3,1.0,1.0,0.010009,
2021-11-09,7.63,50358.3,1.0,1.0,0.017781,
2021-11-10,7.44,50358.3,1.0,1.0,-0.02469,
2021-11-11,7.47,50358.3,1.0,1.0,0.003686,
2021-11-12,7.7,50358.3,1.0,1.0,0.031197,
2021-11-15,8.04,50358.3,1.0,1.0,0.043639,
2021-11-16,8.04,50358.3,1.0,1.0,-0.0,
2021-11-17,7.98,50358.3,1.0,1.0,-0.006649,
2021-11-18,8.03,50358.3,1.0,1.0,0.005514,
2021-11-19,8.07,50358.3,1.0,1.0,0.004902,
2021-11-22,8.33,50358.3,1.0,1.0,0.03286,
2021-11-23,8.13,50358.3,1.0,1.0,-0.024572,
2021-11-24,8.06,50358.3,1.0,1.0,-0.007649,
2021-11-25,7.84,50358.3,1.0,1.0,-0.027395,
2021-11-26,7.65,50358.3,1.0,1.0,-0.02494,
2021-11-29,7.71,50358.3,1.0,1.0,0.008114,
2021-11-30,7.85,50358.3,1.0,1.0,0.018654,
2021-12-01,7.72,50358.3,1.0,1.0,-0.016413,
2021-12-02,7.86,50358.3,1.0,1.0,0.017731,
2021-12-03,8.07,50358.3,1.0,1.0,0.02606,
2021-12-06,8.44,50358.3,1.0,1.0,0.046536,
2021-12-07,8.45,50358.3,1.0,1.0,0.000715,
2021-12-08,8.31,50358.3,1.0,1.0,-0.016185,
2021-12-09,8.11,50358.3,1.0,1.0,-0.024714,
2021-12-10,7.89,50358.3,1.0,1.0,-0.027037,
2021-12-13,8.12,50358.3,1.0,1.0,0.029469,
2021-12-14,7.82,50358.3,1.0,1.0,-0.036643,
2021-12-15,8.05,50358.3,1.0,1.0,0.028678,
2021-12-16,7.87,50358.3,1.0,1.0,-0.021571,
2021-12-17,7.74,50358.3,1.0,1.0,-0.017258,
2021-12-20,7.7,50358.3,1.0,1.0,-0.004587,
2021-12-21,7.56,50358.3,1.0,1.0,-0.017693,
2021-12-22,7.73,50358.3,1.0,1.0,0.021645,
2021-12-23,8.06,50358.3,1.0,1.0,0.043492,
2021-12-24,7.93,50358.3,1.0,1.0,-0.016602,
2021-12-27,7.84,50358.3,1.0,1.0,-0.011272,
2021-12-28,7.8,50358.3,1.0,1.0,-0.004868,
2021-12-29,7.9,50358.3,1.0,1.0,0.012102,
2021-12-30,7.86,50358.3,1.0,1.0,-0.004633,
2021-12-31,8.12,50358.3,1.0,1.0,0.032873,
2022-01-03,8.34,50358.3,1.0,1.0,0.026923,
2022-01-04,8.1,50358.3,1.0,1.0,-0.028989,
2022-01-05,8.19,50358.3,1.0,1.0,0.011614,
2022-01-06,8.49,50358.3,1.0,1.0,0.036178,
2022-01-07,8.38,50358.3,1.0,1.0,-0.012755,
2022-01-10,8.31,50358.3,1.0,1.0,-0.007991,
2022-01-11,8.2,50358.3,1.0,1.0,-0.013543,
2022-01-12,8.09,50358.3,1.0,1.0,-0.013046,
2022-01-13,7.77,50358.3,1.0,1.0,-0.040183,
2022-01-14,7.52,50358.3,1.0,1.0,-0.032314,
2022-01-17,7.52,50358.3,1.0,1.0,0.000901,
2022-01-18,7.79,50358.3,1.0,1.0,0.03601,
2022-01-19,7.67,50358.3,1.0,1.0,-0.015561,
2022-01-20,7.55,50358.3,1.0,1.0,-0.016256,
2022-01-21,7.85,50358.3,1.0,1.0,0.040694,
2022-01-24,7.64,50358.3,1.0,1.0,-0.027188,
2022-01-25,7.34,50358.3,1.0,1.0,-0.040017,
2022-01-26,7.18,50358.3,1.0,1.0,-0.020633,
2022-01-27,7.06,50358.3,1.0,1.0,-0.016729,
2022-01-28,6.77,50358.3,1.0,1.0,-0.042002,
2022-01-31,6.74,50358.3,1.0,1.0,-0.004025,
2022-02-01,6.89,50358.3,1.0,1.0,0.022049,
2022-02-02,6.67,50358.3,1.0,1.0,-0.031329,
2022-02-03,6.68,50358.3,1.0,1.0,0.001144,
2022-02-04,6.74,50358.3,1.0,1.0,0.008582,
2022-02-07,6.72,50358.3,1.0,1.0,-0.002957,
2022-02-08,6.74,50358.3,1.0,1.0,0.003505,
2022-02-09,6.77,50358.3,1.0,1.0,0.003785,
2022-02-10,6.63,50358.3,1.0,1.0,-0.020262,
2022-02-11,6.87,50358.3,1.0,1.0,0.035637,
2022-02-14,7.07,50358.3,1.0,1.0,0.029419,
2022-02-15,7.27,50358.3,1.0,1.0,0.027991,
2022-02-16,7.44,50358.3,1.0,1.0,0.023651,
2022-02-17,7.15,50358.3,1.0,1.0,-0.038027,
2022-02-18,7.31,50358.3,1.0,1.0,0.0215,
2022-02-21,7.42,50358.3,1.0,1.0,0.014889,
2022-02-22,7.14,50358.3,1.0,1.0,-0.037138,
2022-02-23,7.1,50358.3,1.0,1.0,-0.0061,
2022-02-24,7.14,50358.3,1.0,1.0,0.005702,
2022-02-25,7.42,50358.3,1.0,1.0,0.039765,
2022-02-28,7.55,50358.3,1.0,1.0,0.016575,
2022-03-01,7.38,50358.3,1.0,1.0,-0.02148,
2022-03-02,7.68,50358.3,1.0,1.0,0.040541,
2022-03-03,7.68,50358.3,1.0,1.0,9.2e-05,
2022-03-04,7.63,50358.3,1.0,1.0,-0.007076,
2022-03-07,7.56,50358.3,1.0,1.0,-0.008773,
2022-03-08,7.27,50358.3,1.0,1.0,-0.039148,
2022-03-09,7.24,50358.3,1.0,1.0,-0.003588,
2022-03-10,7.32,50358.3,1.0,1.0,0.011044,
2022-03-11,7.25,50358.3,1.0,1.0,-0.010159,
2022-03-14,7.31,50358.3,1.0,1.0,0.009176,
2022-03-15,7.16,50358.3,1.0,1.0,-0.021476,
2022-03-16,7.12,50358.3,1.0,1.0,-0.004333,
2022-03-17,7.17,50358.3,1.0,1.0,0.006662,
2022-03-18,7.2,50358.3,1.0,1.0,0.0036,
2022-03-21,6.92,50358.3,1.0,1.0,-0.038731,
2022-03-22,6.84,50358.3,1.0,1.0,-0.011432,
2022-03-23,7.11,50358.3,1.0,1.0,0.040093,
2022-03-24,7.02,50358.3,1.0,1.0,-0.0127,
2022-03-25,7.02,50358.3,1.0,1.0,-0.00058,
2022-03-28,7.0,50358.3,1.0,1.0,-0.003037,
2022-03-29,7.26,50358.3,1.0,1.0,0.03737,
2022-03-30,7.48,50358.3,1.0,1.0,0.030473,
2022-03-31,7.62,50358.3,1.0,1.0,0.018598,
2022-04-01,7.44,50358.3,1.0,1.0,-0.02403,
2022-04-04,7.49,50358.3,1.0,1.0,0.007693,
2022-04-05,7.59,50358.3,1.0,1.0,0.012756,
2022-04-06,7.46,50358.3,1.0,1.0,-0.017574,
2022-04-07,7.3,50358.3,1.0,1.0,-0.02162,
2022-04-08,7.59,50358.3,1.0,1.0,0.040782,
2022-04-11,7.53,50358.3,1.0,1.0,-0.008147,
2022-04-12,7.82,50358.3,1.0,1.0,0.038534,
2022-04-13,8.0,50358.3,1.0,1.0,0.023243,
2022-04-14,8.07,50358.3,1.0,1.0,0.008872,
2022-04-15,8.15,50358.3,1.0,1.0,0.009954,
2022-04-18,7.88,50358.3,1.0,1.0,-0.033987,
2022-04-19,7.91,50358.3,1.0,1.0,0.004013,
2022-04-20,8.17,50358.3,1.0,1.0,0.033611,
2022-04-21,8.3,50358.3,1.0,1.0,0.015516,
2022-04-22,8.32,50358.3,1.0,1.0,0.00275,
2022-04-25,8.66,50358.3,1.0,1.0,0.040955,
2022-04-26,8.62,50358.3,1.0,1.0,-0.005387,
2022-04-27,8.48,50358.3,1.0,1.0,-0.015708,
2022-04-28,8.51,50358.3,1.0,1.0,0.002738,
2022-04-29,8.66,50358.3,1.0,1.0,0.017594,
2022-05-02,8.3,50358.3,1.0,1.0,-0.041319,
2022-05-03,8.35,50358.3,1.0,1.0,0.005897,
2022-05-04,8.5,50358.3,1.0,1.0,0.018666,
2022-05-05,8.44,50358.3,1.0,1.0,-0.007405,
2022-05-06,8.66,50358.3,1.0,1.0,0.025946,
2022-05-09,8.78,50358.3,1.0,1.0,0.014538,
2022-05-10,9.24,50358.3,1.0,1.0,0.051742,
2022-05-11,9.07,50358.3,1.0,1.0,-0.018799,
2022-05-12,9.24,50358.3,1.0,1.0,0.019164,
2022-05-13,9.01,50358.3,1.0,1.0,-0.025062,
2022-05-16,8.66,50358.3,1.0,1.0,-0.038959,
2022-05-17,8.24,50358.3,1.0,1.0,-0.048604,
2022-05-18,8.34,50358.3,1.0,1.0,0.012036,
2022-05-19,8.36,50358.3,1.0,1.0,0.00347,
2022-05-20,8.26,50358.3,1.0,1.0,-0.012382,
2022-05-23,7.91,50358.3,1.0,1.0,-0.042601,
2022-05-24,7.77,50358.3,1.0,1.0,-0.01738,
2022-05-25,7.76,50358.3,1.0,1.0,-0.000861,
2022-05-26,7.91,50358.3,1.0,1.0,0.018246,
2022-05-27,7.9,50358.3,1.0,1.0,-0.001355,
2022-05-30,7.94,50358.3,1.0,1.0,0.005105,
2022-05-31,7.86,50358.3,1.0,1.0,-0.009939,
2022-06-01,8.19,50358.3,1.0,1.0,0.041887,
2022-06-02,7.98,50358.3,1.0,1.0,-0.025084,
2022-06-03,7.84,50358.3,1.0,1.0,-0.017589,
2022-06-06,7.74,50358.3,1.0,1.0,-0.012698,
2022-06-07,7.83,50358.3,1.0,1.0,0.012142,
2022-06-08,7.63,50358.3,1.0,1.0,-0.025566,
2022-06-09,7.65,50358.3,1.0,1.0,0.002302,
2022-06-10,7.67,50358.3,1.0,1.0,0.003004,
2022-06-13,7.54,50358.3,1.0,1.0,-0.017474,
2022-06-14,7.59,50358.3,1.0,1.0,0.006987,
2022-06-15,7.4,50358.3,1.0,1.0,-0.024839,
2022-06-16,7.2,50358.3,1.0,1.0,-0.027394,
2022-06-17,7.21,50358.3,1.0,1.0,0.001433,
2022-06-20,6.92,50358.3,1.0,1.0,-0.039983,
2022-06-21,6.57,50358.3,1.0,1.0,-0.051096,
2022-06-22,6.65,50358.3,1.0,1.0,0.011902,
2022-06-23,6.81,50358.3,1.0,1.0,0.024519,
2022-06-24,6.73,50358.3,1.0,1.0,-0.012092,
2022-06-27,6.62,50358.3,1.0,1.0,-0.016853,
2022-06-28,6.77,50358.3,1.0,1.0,0.023451,
2022-06-29,6.58,50358.3,1.0,1.0,-0.028058,
2022-06-30,6.36,50358.3,1.0,1.0,-0.033128,
2022-07-01,6.47,50358.3,1.0,1.0,0.016158,
2022-07-04,6.46,50358.3,1.0,1.0,-0.000742,
2022-07-05,6.62,50358.3,1.0,1.0,0.02491,
2022-07-06,6.28,50358.3,1.0,1.0,-0.050993,
2022-07-07,6.07,50358.3,1.0,1.0,-0.033993,
2022-07-08,6.07,50358.3,1.0,1.0,-0.000615,
2022-07-11,6.12,50358.3,1.0,1.0,0.009109,
2022-07-12,6.24,50358.3,1.0,1.0,0.019563,
2022-07-13,6.26,50358.3,1.0,1.0,0.003243,
2022-07-14,6.28,50358.3,1.0,1.0,0.002998,
2022-07-15,6.22,50358.3,1.0,1.0,-0.010254,
2022-07-18,6.45,50358.3,1.0,1.0,0.037934,
2022-07-19,6.28,50358.3,1.0,1.0,-0.027066,
2022-07-20,6.33,50358.3,1.0,1.0,0.007689,
2022-07-21,6.17,50358.3,1.0,1.0,-0.024371,
2022-07-22,6.25,50358.3,1.0,1.0,0.01195,
2022-07-25,6.09,50358.3,1.0,1.0,-0.025523,
2022-07-26,6.19,50358.3,1.0,1.0,0.017041,
2022-07-27,6.2,50358.3,1.0,1.0,0.001734,
2022-07-28,6.46,50358.3,1.0,1.0,0.041772,
2022-07-29,6.41,50358.3,1.0,1.0,-0.007676,
2022-08-01,6.47,50358.3,1.0,1.0,0.009286,
2022-08-02,6.34,50358.3,1.0,1.0,-0.019484,
2022-08-03,6.29,50358.3,1.0,1.0,-0.00784,
2022-08-04,6.3,50358.3,1.0,1.0,0.001581,
2022-08-05,6.07,50358.3,1.0,1.0,-0.036923,
2022-08-08,5.86,50358.3,1.0,1.0,-0.034386,
2022-08-09,5.94,50358.3,1.0,1.0,0.013532,
2022-08-10,5.91,50358.3,1.0,1.0,-0.004456,
2022-08-11,5.83,50358.3,1.0,1.0,-0.015078,
2022-08-12,5.72,50358.3,1.0,1.0,-0.018479,
2022-08-15,5.62,50358.3,1.0,1.0,-0.017571,
2022-08-16,5.63,50358.3,1.0,1.0,0.001744,
2022-08-17,5.68,50358.3,1.0,1.0,0.009772,
2022-08-18,5.4,50358.3,1.0,1.0,-0.049895,
2022-08-19,5.58,50358.3,1.0,1.0,0.033507,
2022-08-22,5.76,50358.3,1.0,1.0,0.031744,
2022-08-23,5.44,50358.3,1.0,1.0,-0.055321,
2022-08-24,5.58,50358.3,1.0,1.0,0.025428,
2022-08-25,5.71,50358.3,1.0,1.0,0.024672,
2022-08-26,5.71,50358.3,1.0,1.0,-0.000948,
2022-08-29,5.53,50358.3,1.0,1.0,-0.03159,
2022-08-30,5.66,50358.3,1.0,1.0,0.023689,
2022-08-31,5.62,50358.3,1.0,1.0,-0.006728,
2022-09-01,5.69,50358.3,1.0,1.0,0.012292,
2022-09-02,6.0,50358.3,1.0,1.0,0.053708,
2022-09-05,6.03,50358.3,1.0,1.0,0.005099,
2022-09-06,5.89,50358.3,1.0,1.0,-0.022708,
2022-09-07,5.84,50358.3,1.0,1.0,-0.008978,
2022-09-08,5.72,50358.3,1.0,1.0,-0.019714,
2022-09-09,5.78,50358.3,1.0,1.0,0.009492,
2022-09-12,5.66,50358.3,1.0,1.0,-0.020105,
2022-09-13,5.59,50358.3,1.0,1.0,-0.012235,
2022-09-14,5.42,50358.3,1.0,1.0,-0.031294,
2022-09-15,5.39,50358.3,1.0,1.0,-0.004122,
2022-09-16,5.41,50358.3,1.0,1.0,0.003289,
2022-09-19,5.07,50358.3,1.0,1.0,-0.063318,
2022-09-20,5.1,50358.3,1.0,1.0,0.005286,
2022-09-21,5.09,50358.3,1.0,1.0,-0.002054,
2022-09-22,4.99,50358.3,1.0,1.0,-0.019138,
2022-09-23,5.23,50358.3,1.0,1.0,0.048899,
2022-09-26,5.35,50358.3,1.0,1.0,0.022295,
2022-09-27,5.2,50358.3,1.0,1.0,-0.026911,
2022-09-28,5.3,50358.3,1.0,1.0,0.019349,
2022-09-29,5.46,50358.3,1.0,1.0,0.029339,
2022-09-30,5.47,50358.3,1.0,1.0,0.002213,
2022-10-03,5.52,50358.3,1.0,1.0,0.007748,
2022-10-04,5.55,50358.3,1.0,1.0,0.007189,
2022-10-05,5.28,50358.3,1.0,1.0,-0.049752,
2022-10-06,5.25,50358.3,1.0,1.0,-0.00543,
2022-10-07,5.21,50358.3,1.0,1.0,-0.006672,
2022-10-10,5.39,50358.3,1.0,1.0,0.033937,
2022-10-11,5.43,50358.3,1.0,1.0,0.007077,
2022-10-12,5.39,50358.3,1.0,1.0,-0.008071,
2022-10-13,5.37,50358.3,1.0,1.0,-0.003118,
2022-10-14,5.5,50358.3,1.0,1.0,0.023889,
2022-10-17,5.47,50358.3,1.0,1.0,-0.005376,
2022-10-18,5.37,50358.3,1.0,1.0,-0.017564,
2022-10-19,5.33,50358.3,1.0,1.0,-0.007549,
2022-10-20,5.45,50358.3,1.0,1.0,0.021859,
2022-10-21,5.51,50358.3,1.0,1.0,0.011012,
2022-10-24,5.51,50358.3,1.0,1.0,0.000104,
2022-10-25,5.53,50358.3,1.0,1.0,0.003646,
2022-10-26,5.45,50358.3,1.0,1.0,-0.014293,
2022-10-27,5.42,50358.3,1.0,1.0,-0.005599,
2022-10-28,5.33,50358.3,1.0,1.0,-0.016741,
2022-10-31,5.29,50358.3,1.0,1.0,-0.008004,
2022-11-01,5.45,50358.3,1.0,1.0,0.031854,
2022-11-02,5.31,50358.3,1.0,1.0,-0.026478,
2022-11-03,5.22,50358.3,1.0,1.0,-0.017341,
2022-11-04,5.06,50358.3,1.0,1.0,-0.030593,
2022-11-07,4.88,50358.3,1.0,1.0,-0.03562,
2022-11-08,4.85,50358.3,1.0,1.0,-0.005428,
2022-11-09,4.78,50358.3,1.0,1.0,-0.015662,
2022-11-10,4.98,50358.3,1.0,1.0,0.042199,
2022-11-11,4.94,50358.3,1.0,1.0,-0.007719,
2022-11-14,5.09,50358.3,1.0,1.0,0.030449,
2022-11-15,5.2,50358.3,1.0,1.0,0.022529,
2022-11-16,5.17,50358.3,1.0,1.0,-0.005958,
2022-11-17,5.44,50358.3,1.0,1.0,0.050953,
2022-11-18,5.47,50358.3,1.0,1.0,0.005502,
2022-11-21,5.66,50358.3,1.0,1.0,0.035995,
2022-11-22,5.85,50358.3,1.0,1.0,0.033104,
2022-11-23,5.9,50358.3,1.0,1.0,0.009036,
2022-11-24,6.0,50358.3,1.0,1.0,0.017219,
2022-11-25,6.09,50358.3,1.0,1.0,0.014121,
2022-11-28,5.92,50358.3,1.0,1.0,-0.028028,
2022-11-29,5.92,50358.3,1.0,1.0,0.000416,
2022-11-30,6.07,50358.3,1.0,1.0,0.02514,
2022-12-01,6.29,50358.3,1.0,1.0,0.036323,
2022-12-02,6.18,50358.3,1.0,1.0,-0.018093,
2022-12-05,6.25,50358.3,1.0,1.0,0.011805,
2022-12-06,6.27,50358.3,1.0,1.0,0.002666,
2022-12-07,6.24,50358.3,1.0,1.0,-0.003782,
2022-12-08,6.29,50358.3,1.0,1.0,0.007616,
2022-12-09,6.32,50358.3,1.0,1.0,0.004283,
2022-12-12,6.39,50358.3,1.0,1.0,0.012111,
2022-12-13,6.61,50358.3,1.0,1.0,0.034224,
2022-12-14,6.73,50358.3,1.0,1.0,0.018025,
2022-12-15,6.78,50358.3,1.0,1.0,0.006518,
2022-12-16,7.08,50358.3,1.0,1.0,0.044777,
2022-12-19,7.26,50358.3,1.0,1.0,0.026019,
2022-12-20,7.24,50358.3,1.0,1.0,-0.003172,
2022-12-21,7.02,50358.3,1.0,1.0,-0.029727,
2022-12-22,6.85,50358.3,1.0,1.0,-0.024371,
2022-12-23,7.0,50358.3,1.0,1.0,0.021676,
2022-12-26,6.89,50358.3,1.0,1.0,-0.015962,
2022-12-27,6.72,50358.3,1.0,1.0,-0.024845,
2022-12-28,6.59,50358.3,1.0,1.0,-0.018976,
2022-12-29,6.48,50358.3,1.0,1.0,-0.017309,
2022-12-30,6.6,50358.3,1.0,1.0,0.019652,
